Plate Name,Payment Method,Plate Barcode,Sales Order #,Reference #,Well Position,Sequence Name,Sequence,Manufacturing ID,Measured Molecular Weight,Calculated Molecular Weight,OD260,nmoles,µg,Measured Concentration µM ,Final Volume µL ,Extinction Coefficient L/(mole·cm),Tm,Well Barcode,Sequence2
New Hex Core,OligoCard,18264284,19896386,463139342,A01,ST0[87]3[80],TTC GCC TGA TTG CTT GAT TGT TTT TGC GAC AAT TT,611886675,10715.3,10715,11.52,36.65,393,200.27,183,314400,63,,TTCGCCTGATTGCTTGATTGTTTTTGCGACAATTT
New Hex Core,OligoCard,18264284,19896386,463139343,A02,ST23[95]26[88],CCA GTG AGA GAG GCG CCT AAT GTT GAG GAT CCC CG,611886676,10822.4,10822,10.74,31.58,342,201.15,157,340100,68,,CCAGTGAGAGAGGCGCCTAATGTTGAGGATCCCCG
New Hex Core,OligoCard,18264284,19896386,463139344,A03,ST69[109]26[123],AGG TCT TTA CCC TGA CTA TTA ATG AGC CTG CAC TCT TCT TCG,611886677,12781.3,12781,11.38,29.71,380,200.74,148,383100,65,,AGGTCTTTACCCTGACTATTAATGAGCCTGCACTCTTCTTCG
New Hex Core,OligoCard,18264284,19896386,463139345,A04,ST25[67]24[74],CGG AAG CGC AAA GAA GCT GCT CAT TCA GTG AAT AAG TAT TGG GCG CCA C,611886678,15164.9,15164,12.79,26.55,403,201.14,132,481700,70,,CGGAAGCGCAAAGAAGCTGCTCATTCAGTGAATAAGTATTGGGCGCCAC
New Hex Core,OligoCard,18264284,19896386,463139346,A05,ST24[129]58[123],GCA TTA ACC TTC ACT GGT TCC GTG GCA TAA TAA AG,611886679,10730,10730,7.01,20.74,222,201.36,103,338300,62,,GCATTAACCTTCACTGGTTCCGTGGCATAATAAAG
New Hex Core,OligoCard,18264284,19896386,463139347,A06,ST52[136]58[130],TCA GCT TCA CTT GCG TAT AAC AAC CAC CAT TAA GC,611886680,10619.1,10619,6.41,19.31,205,201.15,96,332000,63,,TCAGCTTCACTTGCGTATAACAACCACCATTAAGC
New Hex Core,OligoCard,18264284,19896386,463139348,A07,ST9[81]48[88],TTT ATT TTG CTC AGA GCG AGT CCA GCT TAA TTC GCA TTA AAT AGC AAA T,611886681,15044.3,15044,10.74,22.58,340,201.61,112,475700,65,,TTTATTTTGCTCAGAGCGAGTCCAGCTTAATTCGCATTAAATAGCAAAT
New Hex Core,OligoCard,18264284,19896386,463139349,A08,ST12[52]8[53],GCT GAG ACT TGC TGA ACC TCA ACA ATT TCG CAC TCT GTA GAA,611886682,12857.6,12857,11.13,27.84,358,200.29,139,399600,66,,GCTGAGACTTGCTGAACCTCAACAATTTCGCACTCTGTAGAA
New Hex Core,OligoCard,18264284,19896386,463139350,A09,ST44[108]48[109],TCG GCC TTT CTC CTC GCG TCA AAT CAG CTC ATT TAA AAA CA,611886683,12439.4,12439,10.09,26.56,330,201.21,132,380000,66,,TCGGCCTTTCTCCTCGCGTCAAATCAGCTCATTTAAAAACA
New Hex Core,OligoCard,18264284,19896386,463139351,A10,ST3[46]30[39],ATC AAG AGA GCG GAG TCA TAG TTG CCT TTA GCG TC,611886684,10811.7,10811,7.24,20.99,227,201.83,104,345100,64,,ATCAAGAGAGCGGAGTCATAGTTGCCTTTAGCGTC
New Hex Core,OligoCard,18264284,19896386,463139352,A11,ST69[53]25[66],AGC GAG AGG CTT TTA CAT CCC GCA GCC AAT CAT GGT ACG AGC,611886685,12909.4,12908,11.62,28.7,370,200.7,143,404900,70,,AGCGAGAGGCTTTTACATCCCGCAGCCAATCATGGTACGAGC
New Hex Core,OligoCard,18264284,19896386,463139353,A12,ST14[108]18[109],GTA ATT CTA AAG GAA TTG CTT TCT TAT TCT TTG AGA ATC A,611886686,12289.5,12289,10.58,27.09,333,200.67,135,390600,58,,GTAATTCTAAAGGAATTGCTTTCTTATTCTTTGAGAATCA
New Hex Core,OligoCard,18264284,19896386,463139354,B01,ST67[39]64[39],GGA ATA CAG AAA GAA TAT TCA TTA CCC AGG CTG ACC TTC ATC,611886687,12874.5,12874,7.99,19.14,246,201.47,95,417400,63,,GGAATACAGAAAGAATATTCATTACCCAGGCTGACCTTCATC
New Hex Core,OligoCard,18264284,19896386,463139355,B02,ST20[80]23[73],AGA AAT AAT AAC GGG AAA AAC TTG AGT GAT AAA AG,611886688,10926.7,10926,11.23,29.2,319,200,146,384700,56,,AGAAATAATAACGGGAAAAACTTGAGTGATAAAAG
New Hex Core,OligoCard,18264284,19896386,463139356,B03,ST26[52]68[53],TGT TTC CAT GCC GGT ACA GGT CAC ATT CAA CTA ATC ATA GTA,611886689,12847.6,12847,9.44,23.12,297,201.04,115,408500,64,,TGTTTCCATGCCGGTACAGGTCACATTCAACTAATCATAGTA
New Hex Core,OligoCard,18264284,19896386,463139357,B04,ST62[73]26[53],AAC GAG GCG CAG ACG GTC AAT AAA GGT GGA ATA AGC ACA ACA TCA TAG C,611886690,15199.5,15199,10.77,21.24,323,200.38,106,507100,68,,AACGAGGCGCAGACGGTCAATAAAGGTGGAATAAGCACAACATCATAGC
New Hex Core,OligoCard,18264284,19896386,463139358,B05,ST59[130]19[143],CAA TTC TAC TAA TAG TAG TAG AAA GAA TTA GCA AAA CAC CCG,611886691,12915.8,12915,10.6,24.35,314,201.24,121,435400,59,,CAATTCTACTAATAGTAGTAGAAAGAATTAGCAAAACACCCG
New Hex Core,OligoCard,18264284,19896386,463139359,B06,ST10[115]48[102],TTG CGG GAG GTT TAC AGT TGA AGA TAT GAA AGG AAG A,611886692,11605.9,11606,10.51,27.08,314,200.59,135,388100,63,,TTGCGGGAGGTTTACAGTTGAAGATATGAAAGGAAGA
New Hex Core,OligoCard,18264284,19896386,463139360,B07,ST45[95]10[88],CGT CGG ACA TTA GCG GGG TTT TCA TCG TTT AAA TC,611886693,10768.3,10768,6.67,20.05,216,200.5,100,332700,63,,CGTCGGACATTAGCGGGGTTTTCATCGTTTAAATC
New Hex Core,OligoCard,18264284,19896386,463139361,B08,ST41[53]5[73],CCT ATT ATT CTG AAA CAT GAA CTA ATT TAA TTT AGG CGT TAT AAT CGC A,611886694,15026.4,15027,10.54,21.72,326,201.11,108,485200,61,,CCTATTATTCTGAAACATGAACTAATTTAATTTAGGCGTTATAATCGCA
New Hex Core,OligoCard,18264284,19896386,463139362,B09,ST5[74]8[81],AGA CAA AGT CAA TAT AAA AAA ATC CCG TTG AAG GGC ATT TTC AAT AAT A,611886695,15120.9,15121,10.48,20.42,309,200.2,102,513300,62,,AGACAAAGTCAATATAAAAAAATCCCGTTGAAGGGCATTTTCAATAATA
New Hex Core,OligoCard,18264284,19896386,463139363,B10,ST30[59]1[66],ATC AAG TCC CCC TTA TTA GCG GAA ACC ACA TCA AT,611886696,10628.6,10628,10.4,30.61,325,200.07,153,339900,63,,ATCAAGTCCCCCTTATTAGCGGAAACCACATCAAT
New Hex Core,OligoCard,18264284,19896386,463139364,B11,ST7[60]12[67],AAC ATG TAC GAG CAA TCG AGA GTG CCG TGA ACC GCC ACC CTT CAC CGC C,611886697,14966.1,14966,14.03,30.24,453,200.26,151,463800,73,,AACATGTACGAGCAATCGAGAGTGCCGTGAACCGCCACCCTTCACCGCC
New Hex Core,OligoCard,18264284,19896386,463139365,B12,ST15[81]19[94],AGA GAT AGA GAG ATA GTG AGA ATA GAA ACG ATA GTA TTA ACC ACA GGA GGG CGC TA,611886698,17524.6,17524,13.07,21.61,379,200.09,108,605000,66,,AGAGATAGAGAGATAGTGAGAATAGAAACGATAGTATTAACCACAGGAGGGCGCTA
New Hex Core,OligoCard,18264284,19896386,463139366,C01,ST58[94]62[95],CAC TAC GAG CTA TAT TCG CAA AAT CCG CGA ATA ACT CCA TCC,611886699,12755.6,12755,8.16,20.25,258,200.5,101,402800,65,,CACTACGAGCTATATTCGCAAAATCCGCGAATAACTCCATCC
New Hex Core,OligoCard,18264284,19896386,463139367,C02,ST19[109]21[115],TGT AGC GGT CAC GCT TGA CGG GGA AAG CTC ACC CA,611886700,10782.1,10782,9.11,27.28,294,200.59,136,334000,71,,TGTAGCGGTCACGCTTGACGGGGAAAGCTCACCCA
New Hex Core,OligoCard,18264284,19896386,463139368,C03,ST27[88]29[80],TCA GAC GAA AAA TCT ACG TTA ATA AAA CCG GTG CCT TTG CTC TTG ACG G,611886701,15063.8,15064,8.38,17.66,266,200.68,88,474500,67,,TCAGACGAAAAATCTACGTTAATAAAACCGGTGCCTTTGCTCTTGACGG
New Hex Core,OligoCard,18264284,19896386,463139369,C04,ST22[115]61[108],GCA AAA TCA ACA GCC TGG AAG TTT CAT AGT TGA T,611886702,10474.3,10474,7.78,22.89,240,200.79,114,339800,61,,GCAAAATCAACAGCCTGGAAGTTTCATAGTTGAT
New Hex Core,OligoCard,18264284,19896386,463139370,C05,ST21[102]55[122],GAA CCA CGG CGA GGC AAG GAG CGG ACG CAA GGA TAA AAA TTT TT,611886703,13697,13697,9.7,21.67,297,200.65,108,447600,69,,GAACCACGGCGAGGCAAGGAGCGGACGCAAGGATAAAAATTTTT
New Hex Core,OligoCard,18264284,19896386,463139371,C06,ST48[73]52[60],CGT TAA CCC AAA TAA AGA ATT ACA TTC TCT CAA TCG TCT GAA CGA GTA ACA TCG CC,611886704,17103.8,17103,11.93,21.76,372,201.48,108,548500,66,,CGTTAACCCAAATAAAGAATTACATTCTCTCAATCGTCTGAACGAGTAACATCGCC
New Hex Core,OligoCard,18264284,19896386,463139372,C07,ST41[102]9[115],GGA AGG AAA CCA GAA GAT CGC ACT CCA GAC AGT AGC GCC CA,611886705,12640.2,12640,12.28,29.68,375,200.54,148,413900,70,,GGAAGGAAACCAGAAGATCGCACTCCAGACAGTAGCGCCCA
New Hex Core,OligoCard,18264284,19896386,463139373,C08,ST37[39]45[52],TGC CGC CGA TCA AAA TCG CCA AAT AAT CAT TAA ACT AAG TAT GGT TTA GTA CCG CC,611886706,17159.5,17159,14.54,26.5,455,200.76,132,548800,67,,TGCCGCCGATCAAAATCGCCAAATAATCATTAAACTAAGTATGGTTTAGTACCGCC
New Hex Core,OligoCard,18264284,19896386,463139374,C09,ST4[87]7[80],GAG AAG AGA ACG CGG TTT AGT ATC ATA TGC AGA GG,611886707,10933.3,10933,8.19,22.38,245,201.62,111,365900,62,,GAGAAGAGAACGCGGTTTAGTATCATATGCAGAGG
New Hex Core,OligoCard,18264284,19896386,463139375,C10,ST1[46]68[39],AGA TGA TCG CGC AGC AAC CGA GGT GTG TCC AAA ATA GAG CAA CAC TAT C,611886708,15117.2,15117,10.26,20.9,316,200.96,104,491000,69,,AGATGATCGCGCAGCAACCGAGGTGTGTCCAAAATAGAGCAACACTATC
New Hex Core,OligoCard,18264284,19896386,463139376,C11,ST48[101]12[88],TTG TAT ATT TTG TTT GGC CTT CCT GTA GAA CAA CCA GGT GAG,611886709,12940.6,12940,9.8,24.49,317,200.74,122,400200,64,,TTGTATATTTTGTTTGGCCTTCCTGTAGAACAACCAGGTGAG
New Hex Core,OligoCard,18264284,19896386,463139377,C12,ST52[87]44[74],TGC GCC GAC AAT GAT CAG CGG AAC CCA CAG AAA CGG TAT TAA AAA TGT GTA CCA GG,611886710,17309.1,17308,14.78,26.29,455,200.69,131,562100,70,,TGCGCCGACAATGATCAGCGGAACCCACAGAAACGGTATTAAAAATGTGTACCAGG
New Hex Core,OligoCard,18264284,19896386,463139378,D01,ST55[130]53[143],TCA TAT ATT TTA AAT GCA ATG GTG AGA AAG GCC GGA ATG CCG,611886711,13025.8,13026,6.99,16.53,215,201.59,82,422800,65,,TCATATATTTTAAATGCAATGGTGAGAAAGGCCGGAATGCCG
New Hex Core,OligoCard,18264284,19896386,463139379,D02,ST17[46]22[46],ATC AGT GCA GAA TCA GTT ACC AGA AGG AAA AAG AAC TGG CAT TGG ACT CAA CAA GA,611886712,17365.3,17364,12.38,21.29,370,200.85,106,581400,68,,ATCAGTGCAGAATCAGTTACCAGAAGGAAAAAGAACTGGCATTGGACTCAACAAGA
New Hex Core,OligoCard,18264284,19896386,463139380,D03,ST65[95]31[108],CCT GAC GTG GGA AGA TCC AGC CTG GTA AAG GTG AAA ATG AAA CGG AAC CAG AGT T,611886713,17115.6,17115,10.67,19.15,328,201.58,95,557100,70,,CCTGACGTGGGAAGATCCAGCCTGGTAAAGGTGAAAATGAAACGGAACCAGAGTT
New Hex Core,OligoCard,18264284,19896386,463139381,D04,ST62[129]26[116],CTA AAG TAC GGT GTT GAT TGC TGA ATC GCA CAT TAC GTC CGT,611886714,12920.1,12919,13.66,33.97,439,201.01,169,402200,66,,CTAAAGTACGGTGTTGATTGCTGAATCGCACATTACGTCCGT
New Hex Core,OligoCard,18264284,19896386,463139382,D05,ST20[87]55[87],GAA GGG AAG GAG CGG CCG ATT GCG GGA G,611886715,8833.3,8834,10.63,37.14,328,200.76,185,286100,69,,GAAGGGAAGGAGCGGCCGATTGCGGGAG
New Hex Core,OligoCard,18264284,19896386,463139383,D06,ST13[60]50[67],TCC CAA TCC TCA GAT ACA AAC TAC AAC GAG CGT AA,611886716,10645.9,10646,9.95,28.59,304,201.34,142,348100,63,,TCCCAATCCTCAGATACAAACTACAACGAGCGTAA
New Hex Core,OligoCard,18264284,19896386,463139384,D07,ST41[130]5[143],GCT ATT ATG CAG AAA GTA ATT GCG TTA AGA CCT AAA TTT AAT,611886717,12958.7,12959,12.8,30.03,389,200.2,150,426300,59,,GCTATTATGCAGAAAGTAATTGCGTTAAGACCTAAATTTAAT
New Hex Core,OligoCard,18264284,19896386,463139385,D08,ST3[102]7[101],TGG AAA ATA GCT AAT ATA ATA ATT ACT AGA ATA ATA AG,611886718,11773,11773,12.19,29.51,347,200.75,147,413000,52,,TGGAAAATAGCTAATATAATAATTACTAGAATAATAAG
New Hex Core,OligoCard,18264284,19896386,463139386,D09,ST38[80]2[67],ATA GCT CTC ACG GAA TCG ACA GTG AAT TAC ATT TAG AAC AAA,611886719,12922.4,12922,11.48,26.71,345,200.83,133,429700,62,,ATAGCTCTCACGGAATCGACAGTGAATTACATTTAGAACAAA
New Hex Core,OligoCard,18264284,19896386,463139387,D10,ST1[88]69[101],ATA CTT CTA ACG GAT CAT TAA TGG GTA AAT GAC CAT AAA TCA,611886720,12912.8,12912,10.72,24.92,322,200.97,124,430400,60,,ATACTTCTAACGGATCATTAATGGGTAAATGACCATAAATCA
New Hex Core,OligoCard,18264284,19896386,463139388,D11,ST8[129]12[130],CGC GCC TGC AAA TCT TTG AGG CGG ATT GAC CGT AAC ATT AAA,611886721,12922.7,12922,11.83,29.21,377,200.07,146,405200,68,,CGCGCCTGCAAATCTTTGAGGCGGATTGACCGTAACATTAAA
New Hex Core,OligoCard,18264284,19896386,463139389,D12,ST51[67]19[73],AAC AGT TCA ACA ACA AGA GTC TTT TAG AGA AAC GC,611886722,10765.2,10765,10.13,28.26,304,200.43,141,358500,60,,AACAGTTCAACAACAAGAGTCTTTTAGAGAAACGC
New Hex Core,OligoCard,18264284,19896386,463139390,E01,ST48[45]52[46],TTT CAG GAA CAC TGA GTT TCG GTC GTC TGG ATT TTA ACC GAT,611886723,12925.4,12925,10.37,25.99,336,201.47,129,398900,66,,TTTCAGGAACACTGAGTTTCGGTCGTCTGGATTTTAACCGAT
New Hex Core,OligoCard,18264284,19896386,463139391,E02,ST18[122]14[116],CCT CGT TAT TAG TAA GCC ATT ATA CGT GGC ACA GAC ACC CTG AAC AAA G,611886724,15017.3,15018,14.65,30.47,458,200.46,152,480700,66,,CCTCGTTATTAGTAAGCCATTATACGTGGCACAGACACCCTGAACAAAG
New Hex Core,OligoCard,18264284,19896386,463139392,E03,ST26[136]65[129],GTG CCT GTG TGG TGT TTA AGA ACT GGC TTA AAT TG,611886725,10863,10863,9.06,27.01,293,200.07,135,335400,62,,GTGCCTGTGTGGTGTTTAAGAACTGGCTTAAATTG
New Hex Core,OligoCard,18264284,19896386,463139393,E04,ST23[60]59[59],GCA ACA TTT GTT CCG TAC AAC AGA GGC AAA AGA ATA CAC TAA AAG CGC GAA ACA AA,611886726,17276.9,17277,13.23,22.9,396,200.88,114,577700,67,,GCAACATTTGTTCCGTACAACAGAGGCAAAAGAATACACTAAAAGCGCGAAACAAA
New Hex Core,OligoCard,18264284,19896386,463139394,E05,ST22[59]18[60],AGT TTG GCA ACG TCA AAG GGC AAT ACC CAA CCG AGC AGG AAC,611886727,12959.6,12959,9.76,23.24,301,200.34,116,420000,70,,AGTTTGGCAACGTCAAAGGGCAATACCCAACCGAGCAGGAAC
New Hex Core,OligoCard,18264284,19896386,463139395,E06,ST50[59]16[46],AAG TTT TTC ACC AGG CCA CCA CCC TCA TAG CCA TAA ATA AGA ACA CGA CAT TTA CA,611886728,17058,17057,9.73,17.68,302,200.91,88,550400,68,,AAGTTTTTCACCAGGCCACCACCCTCATAGCCATAAATAAGAACACGACATTTACA
New Hex Core,OligoCard,18264284,19896386,463139396,E07,ST11[130]41[143],TCT AAA ATA TCT TTC GCG AGG GAA GGC TCA GCT AAC GCC AGC,611886729,12907.5,12907,14.3,35.39,457,201.08,176,404000,68,,TCTAAAATATCTTTCGCGAGGGAAGGCTCAGCTAACGCCAGC
New Hex Core,OligoCard,18264284,19896386,463139397,E08,ST37[123]7[129],GGG TAA ATA CCA GTA AGG TAA,611886730,6527.2,6527,6.62,29.12,190,200.83,145,227500,49,,GGGTAAATACCAGTAAGGTAA
New Hex Core,OligoCard,18264284,19896386,463139398,E09,ST34[80]6[60],CGC CAC CAG AAC CAC CAC CAG ATT AAT TTA TCA AAC AAA TCC ACA AAT T,611886731,14867.8,14868,13.79,28.56,425,201.13,142,482700,66,,CGCCACCAGAACCACCACCAGATTAATTTATCAAACAAATCCACAAATT
New Hex Core,OligoCard,18264284,19896386,463139399,E10,ST30[115]1[101],CGG AAA CGT CAC CTT ATC ATC GGG AGA AAC AAT GAA TAA,611886732,12026.2,12026,11.1,27.75,334,201.09,138,400100,63,,CGGAAACGTCACCTTATCATCGGGAGAAACAATGAATAA
New Hex Core,OligoCard,18264284,19896386,463139400,E11,ST12[143]10[130],ACA TCG CTG GGA TAC GTG CAT CTG CCA GAG ATA TAC GTT TTA,611886733,12928.1,12928,10.5,25.58,331,201.42,127,410600,66,,ACATCGCTGGGATACGTGCATCTGCCAGAGATATACGTTTTA
New Hex Core,OligoCard,18264284,19896386,463139401,E12,ST59[81]19[80],CCT GTT TAA GGC ACC AAC CTA AAG CGA A,611886734,8550.1,8551,5.9,21.54,184,201.31,107,274000,61,,CCTGTTTAAGGCACCAACCTAAAGCGAA
New Hex Core,OligoCard,18264284,19896386,463139402,F01,ST38[122]41[129],CCC GGA AGT GCC AAG CTT TCA AGG GTT TCC TCT TC,611886735,10673.7,10674,8.3,26.22,280,200.15,131,316600,67,,CCCGGAAGTGCCAAGCTTTCAAGGGTTTCCTCTTC
New Hex Core,OligoCard,18264284,19896386,463139403,F02,ST13[109]17[108],ATA GCA GTC AGA GGC GTA AGA GCA ACA GGA AAA ACA ATA C,611886736,12422.5,12422,10.85,25.43,316,200.24,127,426600,64,,ATAGCAGTCAGAGGCGTAAGAGCAACAGGAAAAACAATAC
New Hex Core,OligoCard,18264284,19896386,463139404,F03,ST26[115]24[102],GAG CCT CTC ACT GCC CAG TCA GGA CGT AGA AAC CGC GGG,611886737,11987.5,11988,8.79,23.69,284,200.76,118,370900,72,,GAGCCTCTCACTGCCCAGTCAGGACGTAGAAACCGCGGG
New Hex Core,OligoCard,18264284,19896386,463139405,F04,ST58[73]21[87],AAA CGA AGG AGA TTT GTA TAA GAT AGG GCG TCT ATC AGG GCG,611886738,13115.7,13116,9.91,22.79,299,201.68,113,435000,65,,AAACGAAGGAGATTTGTATAAGATAGGGCGTCTATCAGGGCG
New Hex Core,OligoCard,18264284,19896386,463139406,F05,ST20[143]62[130],AGG GAG CCC CCG ATG GGT CGA TTG ATG GCG CCT GGT ATG CAA,611886739,13036.4,13036,13.52,33.45,436,200.3,167,404200,74,,AGGGAGCCCCCGATGGGTCGATTGATGGCGCCTGGTATGCAA
New Hex Core,OligoCard,18264284,19896386,463139407,F06,ST16[59]50[60],ATG GAT TCA GTA ATA AAA GGG GAG TTA AAA CTT TCC GAT CTA,611886740,13008.9,13009,10.81,24.95,325,201.21,124,433300,61,,ATGGATTCAGTAATAAAAGGGGAGTTAAAACTTTCCGATCTA
New Hex Core,OligoCard,18264284,19896386,463139408,F07,ST41[81]5[94],AGT CAG GCT GCG CAC AAG AAA GAG CCA GAA AGC CTA GAA AAC,611886741,13001.7,13002,11.65,26.97,351,201.27,134,432000,68,,AGTCAGGCTGCGCACAAGAAAGAGCCAGAAAGCCTAGAAAAC
New Hex Core,OligoCard,18264284,19896386,463139409,F08,ST40[143]4[130],AGT TGG GTA ACG CCG AGG TGG CCA TGT TGT TAA ACT TCC CTT,611886742,12951.7,12951,10.18,25.67,332,200.55,128,396400,69,,AGTTGGGTAACGCCGAGGTGGCCATGTTGTTAAACTTCCCTT
New Hex Core,OligoCard,18264284,19896386,463139410,F09,ST2[101]3[87],AAA GTT TTT TTT AAC AGA GCC ACC ACC CTC AGA GCC ATT TGA,611886743,12816.4,12816,11.7,28.95,371,201.04,144,404200,65,,AAAGTTTTTTTTAACAGAGCCACCACCCTCAGAGCCATTTGA
New Hex Core,OligoCard,18264284,19896386,463139411,F10,ST2[108]28[109],ATT TTA TGG AAG GGT TAG ATT TTA CAC CGT CAC TGT TGC C,611886744,12307,12307,12.01,31.34,386,200.9,156,383200,63,,ATTTTATGGAAGGGTTAGATTTTACACCGTCACTGTTGCC
New Hex Core,OligoCard,18264284,19896386,463139412,F11,ST23[102]19[101],GAC GGG CCC TTA TTG GGG GCT AAA TCG GTG CGG GCG CT,611886745,11807.5,11808,11.7,33.07,391,200.42,165,353600,74,,GACGGGCCCTTATTGGGGGCTAAATCGGTGCGGGCGCT
New Hex Core,OligoCard,18264284,19896386,463139413,F12,ST38[101]31[94],GAC TTT CTC CGT GGA AAA AAA AGA CGC TAT TAC CTG AGT AAC AAA TCA C,611886746,15050.7,15050,13.06,26.75,403,201.13,133,488400,64,,GACTTTCTCCGTGGAAAAAAAAGACGCTATTACCTGAGTAACAAATCAC
New Hex Core,OligoCard,18264284,19896386,463139414,G01,ST37[53]38[60],GGG CGG TTG TGT ACA AAA GAG,611886747,6575,6575,6.96,32.22,212,200.12,161,215900,56,,GGGCGGTTGTGTACAAAAGAG
New Hex Core,OligoCard,18264284,19896386,463139415,G02,ST13[88]17[87],GTT TAA CAA TAT CAG AAC CCT GGA AAT ACC TAC ATC ACG CAA,611886748,12827.9,12827,8.74,20.77,266,201.65,103,420900,63,,GTTTAACAATATCAGAACCCTGGAAATACCTACATCACGCAA
New Hex Core,OligoCard,18264284,19896386,463139416,G03,ST25[109]28[116],GCT AAC TGC CAA CGA CCA GAA CGA GTA GCA TTA TAG CGC CTG GGG TCA C,611886749,15084.7,15085,10.03,21.1,318,200.95,105,475600,70,,GCTAACTGCCAACGACCAGAACGAGTAGCATTATAGCGCCTGGGGTCAC
New Hex Core,OligoCard,18264284,19896386,463139417,G04,ST60[108]21[101],ACC ATT AGA TAC ATT TTT CAT TAA ATC AAC TAC GT,611886750,10647,10647,9.07,26.18,279,201.38,130,346600,56,,ACCATTAGATACATTTTTCATTAAATCAACTACGT
New Hex Core,OligoCard,18264284,19896386,463139418,G05,ST62[150]26[137],CAA CAT GTT TTA AAC CCT GAG CTG TCG TAC TGC CCA GCA CGC,611886751,12794.5,12794,9.47,24.42,312,200.16,122,387800,69,,CAACATGTTTTAAACCCTGAGCTGTCGTACTGCCCAGCACGC
New Hex Core,OligoCard,18264284,19896386,463139419,G06,ST44[52]13[45],GTT GAT ACA AGT ACT ATC CTG AAT CTT AGC ATC ACG CCA GCA AAT AAA C,611886752,15001.2,15001,16.12,33.22,498,200.12,166,485400,64,,GTTGATACAAGTACTATCCTGAATCTTAGCATCACGCCAGCAAATAAAC
New Hex Core,OligoCard,18264284,19896386,463139420,G07,ST11[67]41[80],AAC CCT CAA TCA ATG TTG CTA AGC CGT TTC CCA TCA GTA TTA,611886753,12767.6,12767,11.15,27.86,356,200.43,139,400200,65,,AACCCTCAATCAATGTTGCTAAGCCGTTTCCCATCAGTATTA
New Hex Core,OligoCard,18264284,19896386,463139421,G08,ST5[109]37[122],TTT TAG TTA ATT TCT TGA AAA TGA TGA A,611886754,8630.8,8631,7.67,27.17,235,201.26,135,282400,49,,TTTTAGTTAATTTCTTGAAAATGATGAA
New Hex Core,OligoCard,18264284,19896386,463139422,G09,ST0[122]34[102],CAG TAC CAC CTA CCC CCG AAC TAA ATC ACG CAA GAA TAC CGC CAC CCT,611886755,14493.5,14493,12.14,26.82,389,200.15,134,452600,70,,CAGTACCACCTACCCCCGAACTAAATCACGCAAGAATACCGCCACCCT
New Hex Core,OligoCard,18264284,19896386,463139423,G10,ST3[130]0[123],TGA GTG ATA TTA AAC AGC GGG CAC CAT TAC CAT TAA GCC ATT ACA GTA A,611886756,15080.9,15081,12.56,25.41,383,200.08,127,494400,66,,TGAGTGATATTAAACAGCGGGCACCATTACCATTAAGCCATTACAGTAA
New Hex Core,OligoCard,18264284,19896386,463139424,G11,ST52[59]44[53],CAC GCA TGC TAA ACG CCC AAT TTA TTT AGT GCC ACA CCC TCA CGA GAG G,611886757,14955,14955,13.46,28.97,433,201.18,144,464600,69,,CACGCATGCTAAACGCCCAATTTATTTAGTGCCACACCCTCACGAGAGG
New Hex Core,OligoCard,18264284,19896386,463139425,G12,ST30[94]29[87],CCA TCG AAA TAC TGT CAA ATG CTT TAA ACA GTT GTA CTG GAT AGC GTC CTA GCA GCA AAT TAT,611886758,19372.5,19372,16.56,26.73,518,200.98,133,619600,67,,CCATCGAAATACTGTCAAATGCTTTAAACAGTTGTACTGGATAGCGTCCTAGCAGCAAATTAT
New Hex Core,OligoCard,18264284,19896386,463139426,H01,ST31[67]29[73],TTT GCC ATC AGT AGC GAC AGA AGG GAA GGT AAA TA,611886759,10877.1,10877,10.42,28.68,312,200.56,143,363200,63,,TTTGCCATCAGTAGCGACAGAAGGGAAGGTAAATA
New Hex Core,OligoCard,18264284,19896386,463139427,H02,ST28[73]28[81],GTC ATA AGC AAA AGA ACA GAA AAC GAG AAG GTT TC,611886760,10863.5,10863,5.49,14.73,160,201.78,73,372400,60,,GTCATAAGCAAAAGAACAGAAAACGAGAAGGTTTC
New Hex Core,OligoCard,18264284,19896386,463139428,H03,ST27[81]65[94],CCC TGC AGG TAC CGG TAA AGC CTG GGG TGG TTT GCG GCT TGC,611886761,12994.7,12994,10.87,28.32,368,200.85,141,384000,74,,CCCTGCAGGTACCGGTAAAGCCTGGGGTGGTTTGCGGCTTGC
New Hex Core,OligoCard,18264284,19896386,463139429,H04,ST58[122]21[122],CCT CAG AGC ATA AAC GCG AGC TGA AAA GGA AAT CGA ATC AAG,611886762,12991.8,12992,12.99,30.07,391,200.47,150,431800,65,,CCTCAGAGCATAAACGCGAGCTGAAAAGGAAATCGAATCAAG
New Hex Core,OligoCard,18264284,19896386,463139430,H05,ST16[136]54[130],ACA ATA TTA CCG CCA TAA CAT GCT TTC GCT AGC TGA TAA ATT AGA CAG T,611886763,15006.7,15007,14.63,30.29,455,200.6,151,483000,65,,ACAATATTACCGCCATAACATGCTTTCGCTAGCTGATAAATTAGACAGT
New Hex Core,OligoCard,18264284,19896386,463139431,H06,ST44[73]12[60],CGG ATA AAC AAG CAT TTT GCA CCC AGC TAA TAT CAT GCA ACA,611886764,12843.8,12843,9.43,22.73,292,201.15,113,415100,65,,CGGATAAACAAGCATTTTGCACCCAGCTAATATCATGCAACA
New Hex Core,OligoCard,18264284,19896386,463139432,H07,ST41[46]4[53],TTC GGA AAC CAA TCT ATT TAA GTA TAA ATG TAA ATG CTG ATG ATC ATA G,611886765,15125.4,15125,14.96,29.89,452,200.6,149,500400,61,,TTCGGAAACCAATCTATTTAAGTATAAATGTAAATGCTGATGATCATAG
New Hex Core,OligoCard,18264284,19896386,463139433,H08,ST5[95]9[108],TTT TTC ATA GAT TAG CCG CAC AGG CGG GAG ATA AGA ATA GAT AAG ATT ACC,611886766,15795,15794,12.04,23.15,366,201.3,115,520000,65,,TTTTTCATAGATTAGCCGCACAGGCGGGAGATAAGAATAGATAAGATTACC
New Hex Core,OligoCard,18264284,19896386,463139434,H09,ST2[143]37[150],CAA CTC GAT AAC CTG CTG GTC ACA TCC TCA TAA CGG TTT TTT ATT GCC G,611886767,14933.6,14933,16.84,37.19,555,201.03,185,452700,67,,CAACTCGATAACCTGCTGGTCACATCCTCATAACGGTTTTTTATTGCCG
New Hex Core,OligoCard,18264284,19896386,463139435,H10,ST30[80]1[87],ACC GTA ATC TTT TCA TAA TCA ATT ATC ATT GGA TT,611886768,10669.1,10669,7,20.5,219,200.98,102,341300,56,,ACCGTAATCTTTTCATAATCAATTATCATTGGATT
New Hex Core,OligoCard,18264284,19896386,463139436,H11,ST52[108]12[95],AAC AGC TTG ATA CGG AAC AAG AGC GCT GTC AAA AAA AAC AG,611886769,12686.5,12686,7.94,18.67,237,200.75,93,425300,65,,AACAGCTTGATACGGAACAAGAGCGCTGTCAAAAAAAACAG
New Hex Core,OligoCard,18264284,19896386,463139437,H12,ST11[88]41[101],CAG TTG GCA AAT CAT GAA GCC AGG AAT CTC CTG AAA CTG TTG,611886770,12947,12946,11.64,28.4,368,201.42,141,409900,66,,CAGTTGGCAAATCATGAAGCCAGGAATCTCCTGAAACTGTTG
New Hex Bonds,OligoCard,18281590,19896386,463139137,A01,ST29[39]0[24],CGA CAT TAG GCG AAT TAT TCA TTT CAT TT,613350928,8856.9,8857,7.06,25.29,224,200.71,126,279100,55,,CGACATTAGGCGAATTATTCATTTCATTT
New Hex Bonds,OligoCard,18281590,19896386,463139138,A02,ST31[24]1[45],TTT GTT TTC ATC GGC ATT TTC GAT TAT CAG ATT ATC,613351135,10985.9,10987,9.21,27.43,301,200.22,137,335600,58,,TTTGTTTTCATCGGCATTTTCGATTATCAGATTATC
New Hex Bonds,OligoCard,18281590,19896386,463139139,A03,ST69[24]28[24],TTT TAC CAG ACG ACG ATA AAA ATC AGC AAA TCG TAG CGC CAT TT,613350929,13491.9,13492,10.46,24,324,201.68,119,436000,65,,TTTTACCAGACGACGATAAAAATCAGCAAATCGTAGCGCCATTT
New Hex Bonds,OligoCard,18281590,19896386,463139140,A04,ST26[169]25[155],TTT CGG TCA TAC CGG GGG TTT CTG CCG CTT TCC AGT TT,613351136,11623.1,11625,8.05,23.95,278,201.26,119,336100,69,,TTTCGGTCATACCGGGGGTTTCTGCCGCTTTCCAGTTT
New Hex Bonds,OligoCard,18281590,19896386,463139141,A05,ST62[169]63[169],TTT ATA TAA TGC TGT AGC TAG AGC TTA ATT GCT GAT TT,613350930,11702.8,11703,13.15,35.74,418,200.79,178,368000,58,,TTTATATAATGCTGTAGCTAGAGCTTAATTGCTGATTT
New Hex Bonds,OligoCard,18281590,19896386,463139142,A06,ST6[59]39[67],CTT ACC ACA ACG CCA CGC AGA GTA ATA AGT GAG GAA,613351137,11079.1,11080,10.65,29.11,323,200.76,145,365900,64,,CTTACCACAACGCCACGCAGAGTAATAAGTGAGGAA
New Hex Bonds,OligoCard,18281590,19896386,463139143,A07,ST21[123]54[117],TTT TTT GTT AGA GCT GCG CGT GTG CTT TAG AAC CCC AAA TCA CCA TCA,613350931,14683.8,14684,13.07,29.15,428,201.03,145,448400,68,,TTTTTTGTTAGAGCTGCGCGTGTGCTTTAGAACCCCAAATCACCATCA
New Hex Bonds,OligoCard,18281590,19896386,463139144,A08,ST10[87]49[94],AAG ATT AAT CTG GTG CGG TCA ATT TTT TAT TTA AAC ATT CCA CAT TTT T,613351138,15013.5,15015,11.79,25.02,376,200.16,125,471300,62,,AAGATTAATCTGGTGCGGTCAATTTTTTATTTAAACATTCCACATTTTT
New Hex Bonds,OligoCard,18281590,19896386,463139145,A09,ST64[69]29[59],TTT TTG GCG CAT AGG CTA ATC AAC ACA TTA TGT TAC CTT TAC ACT TTG AGG G,613350932,15973.5,15973,16.89,34.16,546,200.94,170,494500,66,,TTTTTGGCGCATAGGCTAATCAACACATTATGTTACCTTTACACTTTGAGGG
New Hex Bonds,OligoCard,18281590,19896386,463139146,A10,ST29[116]33[137],CGA CTT GGC AAG GCG AGG TGT ATC CCA CCA ACG GCA GCA CCG TCG AAT CG,613351139,15389.3,15391,9.18,19.25,296,200.52,96,476700,74,,CGACTTGGCAAGGCGAGGTGTATCCCACCAACGGCAGCACCGTCGAATCG
New Hex Bonds,OligoCard,18281590,19896386,463139147,A11,ST29[130]68[122],TGG GAA TTT GCG GTT AGT CAG ATC GCG TTT GCA CCG,613350933,11138.3,11138,9.17,26.95,300,201.12,134,340300,68,,TGGGAATTTGCGGTTAGTCAGATCGCGTTTGCACCG
New Hex Bonds,OligoCard,18281590,19896386,463139148,A12,ST20[101]60[66],ACG TGG CGA GAA AGA TGG CCC AAA GAA TCT TTT CAT GCT CCA TGT TAC TGT GTC GAA TGG TCA ATC ATC GCC TAA AGC,613351140,24040.8,24044,12.85,17.03,409,200.35,85,754800,71,,ACGTGGCGAGAAAGATGGCCCAAAGAATCTTTTCATGCTCCATGTTACTGTGTCGAATGGTCAATCATCGCCTAAAGC
New Hex Bonds,OligoCard,18281590,19896386,463139149,A13,ST21[123]54[105],TTT TTT GTT AGA GCT GCG CGT GTG CTT TAG AAC CCC AAA TCA CCA TCA ATA TGA ATT CAT,613350934,18389,18389,15.52,27.23,501,200.22,136,570100,68,,TTTTTTGTTAGAGCTGCGCGTGTGCTTTAGAACCCCAAATCACCATCAATATGAATTCAT
New Hex Bonds,OligoCard,18281590,19896386,463139150,B01,ST1[24]2[24],TTT ATT ACC TTT CCT TCA TAG AGC AAA TTT,613351141,9095.1,9096,8.31,29.54,269,200.95,147,281200,54,,TTTATTACCTTTCCTTCATAGAGCAAATTT
New Hex Bonds,OligoCard,18281590,19896386,463139151,B02,ST3[24]34[24],TTT AGA AGA TGA TGA GAG GTT GAG GCA TTT,613351142,9379.2,9380,7.75,25.17,236,201.36,125,307800,58,,TTTAGAAGATGATGAGAGGTTGAGGCATTT
New Hex Bonds,OligoCard,18281590,19896386,463139152,B03,ST0[166]1[143],TTT GCG TAG ATT TTC AGG TTT AAC GTC AGA TGC ACG T,613351143,11399.2,11400,12.26,34.58,394,201.05,172,354500,64,,TTTGCGTAGATTTTCAGGTTTAACGTCAGATGCACGT
New Hex Bonds,OligoCard,18281590,19896386,463139153,B04,ST27[137]27[169],CTG CGG CCA GAA TGC GGC GGG CCG TTT TCA TTT,613351144,10151.6,10153,8.95,30.05,305,200.33,150,297700,71,,CTGCGGCCAGAATGCGGCGGGCCGTTTTCATTT
New Hex Bonds,OligoCard,18281590,19896386,463139154,B05,ST64[166]63[150],TTT GGA TTA GAG AGT ACC TTT AAA TGG CTT,613351145,9265,9266,8.29,28.19,261,201.36,140,294100,56,,TTTGGATTAGAGAGTACCTTTAAATGGCTT
New Hex Bonds,OligoCard,18281590,19896386,463139155,B06,ST39[98]31[115],GTA CCA AAA CGA CGG CCA TTT GTG ACC TTT AGC ATA GCG CAG TAC AGT TAT TAA CGG CTG,613351146,18481,18483,15.77,27.04,500,200.3,135,583300,69,,GTACCAAAACGACGGCCATTTGTGACCTTTAGCATAGCGCAGTACAGTTATTAACGGCTG
New Hex Bonds,OligoCard,18281590,19896386,463139156,B07,ST20[101]60[78],ACG TGG CGA GAA AGA TGG CCC AAA GAA TCT TTT CAT GCT CCA TGT TAC TGT GTC GAA TGG TCA ATC,613351147,20364.6,20367,12.64,19.75,402,201.53,98,640000,70,,ACGTGGCGAGAAAGATGGCCCAAAGAATCTTTTCATGCTCCATGTTACTGTGTCGAATGGTCAATC
New Hex Bonds,OligoCard,18281590,19896386,463139157,B08,ST50[94]48[74],TTT TTG ACA GCC CTC ATA GTT CCT GTA GTT GTA AA,613351148,10701.1,10702,7.4,22.3,239,200.9,111,331900,61,,TTTTTGACAGCCCTCATAGTTCCTGTAGTTGTAAA
New Hex Bonds,OligoCard,18281590,19896386,463139158,B09,ST63[123]66[137],TTT TTG AGG TCA TTT TTG CGG TTG CTC CGA TGG TTA TGC GAT,613351149,12968,12969,6.27,16.26,211,200.74,81,385900,67,,TTTTTGAGGTCATTTTTGCGGTTGCTCCGATGGTTATGCGAT
New Hex Bonds,OligoCard,18281590,19896386,463139159,B10,ST42[121]6[109],CTT CTG GTG CCG GGC GAT CGA ACA ATA TAA AGT ACG GAA TC,613351150,12656.8,12658,10.39,25.77,326,201.33,128,403200,66,,CTTCTGGTGCCGGGCGATCGAACAATATAAAGTACGGAATC
New Hex Bonds,OligoCard,18281590,19896386,463139160,B11,ST67[134]69[166],GAG CTT CAA ATT CAA ATA AGC AAA GCG GAT TGC ATC AAA AAG ATT TT,613351151,14509,14511,11.62,24.3,353,200.83,121,478000,63,,GAGCTTCAAATTCAAATAAGCAAAGCGGATTGCATCAAAAAGATTTT
New Hex Bonds,OligoCard,18281590,19896386,463139161,B12,ST60[130]61[130],GCA GCC GAG TAG ATT TAG TTT GTC CCA ATT CTG CGA ACT CCG GC,613351152,13497.4,13499,9.05,21.94,296,201.28,109,412400,69,,GCAGCCGAGTAGATTTAGTTTGTCCCAATTCTGCGAACTCCGGC
New Hex Bonds,OligoCard,18281590,19896386,463139162,B13,ST50[95]48[74],ACC GCC GAC AGC CCT CAT AGT TCC TGT AGT TGT AAA,613351153,10979.2,10980,8.14,23.7,260,200.85,118,343400,66,,ACCGCCGACAGCCCTCATAGTTCCTGTAGTTGTAAA
New Hex Bonds,OligoCard,18281590,19896386,463139163,C01,ST5[20]4[20],TTT TTA GGT TGG GTT ATA TCT TTT TAA CCT CCG GCT TT,613350935,11627.7,11628,6.32,18.37,214,201.87,91,344100,61,,TTTTTAGGTTGGGTTATATCTTTTTAACCTCCGGCTTT
New Hex Bonds,OligoCard,18281590,19896386,463139164,C02,ST35[24]36[39],TTT GGT CAG ACG ATT GGC CTT GCT GAA TT,613351154,8928.5,8930,7.49,27.79,248,201.38,138,269300,62,,TTTGGTCAGACGATTGGCCTTGCTGAATT
New Hex Bonds,OligoCard,18281590,19896386,463139165,C03,ST2[166]1[166],TTT AGA CTT TAC AAA CAA TTC GAA AAA CAG AAA TAA AGA AAT TTT T,613350936,14163.7,14163,13.22,27.65,392,200.36,138,478000,58,,TTTAGACTTTACAAACAATTCGAAAAACAGAAATAAAGAAATTTTT
New Hex Bonds,OligoCard,18281590,19896386,463139166,C04,ST28[155]29[155],TTT AAT CCG CCG GGC GCG GTA GAG CCA GCA AAC TCT TT,613351155,11653.9,11655,10.51,29.72,346,200.81,148,353700,70,,TTTAATCCGCCGGGCGCGGTAGAGCCAGCAAACTCTTT
New Hex Bonds,OligoCard,18281590,19896386,463139167,C05,ST66[150]65[166],TTA CCT TTA ATT TCA ACT TTA ATG TCA TTT,613350937,9086.2,9086,8.14,29.1,264,200.69,145,279700,51,,TTACCTTTAATTTCAACTTTAATGTCATTT
New Hex Bonds,OligoCard,18281590,19896386,463139168,C06,ST11[116]40[110],ATT GAG GTC CCG ACA TAG CAA GTT TAT CGT GCG GGT CCC AGT CAC GAC,613351156,14767,14769,10.9,23.59,348,201.62,117,462200,70,,ATTGAGGTCCCGACATAGCAAGTTTATCGTGCGGGTCCCAGTCACGAC
New Hex Bonds,OligoCard,18281590,19896386,463139169,C07,ST61[66]22[81],CCT CAT TGA TAA ATT TAG CCG GAA AGG GTG GTT TTT AGC CCG A,613350938,13272.2,13273,12.72,30.47,404,200.46,152,417600,66,,CCTCATTGATAAATTTAGCCGGAAAGGGTGGTTTTTAGCCCGA
New Hex Bonds,OligoCard,18281590,19896386,463139170,C08,ST49[127]15[136],TTT TTG AAT CGA TGA ACT ACC CCG GTT GAT AAT AAC ATA ACT GAA CAA TAT T,613351157,15965.9,15967,9.58,18.52,296,201.3,92,517400,63,,TTTTTGAATCGATGAACTACCCCGGTTGATAATAACATAACTGAACAATATT
New Hex Bonds,OligoCard,18281590,19896386,463139171,C09,ST25[123]64[123],ATT GCG TTG CGC TCG CCA GCT GGC TTG ATT TTG ATA ATT TTT,613350939,12898.7,12898,12.54,32.98,425,201.1,164,380100,67,,ATTGCGTTGCGCTCGCCAGCTGGCTTGATTTTGATAATTTTT
New Hex Bonds,OligoCard,18281590,19896386,463139172,C10,ST13[116]43[133],CCT TTA CAA GAA CCC AAA CGG GGA CGA CGC CAG CTT TCC GTA ATT C,613351158,14046.5,14048,8.97,20.61,290,200.1,103,435400,69,,CCTTTACAAGAACCCAAACGGGGACGACGCCAGCTTTCCGTAATTC
New Hex Bonds,OligoCard,18281590,19896386,463139173,C11,ST64[70]29[59],CAG AAC GGC GCA TAG GCT AAT CAA CAC ATT ATG TTA CCT TTA CAC TTT GAG GG,613350940,16299.7,16300,13.66,26.48,432,200.61,132,516000,67,,CAGAACGGCGCATAGGCTAATCAACACATTATGTTACCTTTACACTTTGAGGG
New Hex Bonds,OligoCard,18281590,19896386,463139174,C12,ST55[60]56[68],GGC TAC AGA GGC TTA GAC TT,613351159,6156.2,6157,6.03,31.01,191,200.06,155,194500,54,,GGCTACAGAGGCTTAGACTT
New Hex Bonds,OligoCard,18281590,19896386,463139175,C13,ST49[126]15[136],ACC GTC GAA TCG ATG AAC TAC CCC GGT TGA TAA TAA CAT AAC TGA ACA ATA TT,613350941,16260.9,16261,17.05,32.07,521,200.44,160,531600,65,,ACCGTCGAATCGATGAACTACCCCGGTTGATAATAACATAACTGAACAATATT
New Hex Bonds,OligoCard,18281590,19896386,463139176,D01,ST3[39]6[24],AAC AAA CAG ACT ACA ACT ATA GCC AAC GCT CAA CAG TAG GTT T,613351160,13163.9,13166,14.78,34.11,449,200.65,170,433300,64,,AACAAACAGACTACAACTATAGCCAACGCTCAACAGTAGGTTT
New Hex Bonds,OligoCard,18281590,19896386,463139177,D02,ST37[20]36[20],TTT GTC ATA CCT GCT CAT TTA CCG TTC CAG TAA GCT TT,613351161,11534.2,11536,8.46,24.54,283,201.15,122,344900,63,,TTTGTCATACCTGCTCATTTACCGTTCCAGTAAGCTTT
New Hex Bonds,OligoCard,18281590,19896386,463139178,D03,ST4[162]5[162],TTT TTT ATC GTC GCT ATT AGG TTT GAA ATA CAG GAT TT,613351162,11692.4,11694,11.56,31.59,369,201.21,157,365900,59,,TTTTTTATCGTCGCTATTAGGTTTGAAATACAGGATTT
New Hex Bonds,OligoCard,18281590,19896386,463139179,D04,ST30[155]31[155],TTT TCG CAA TCA CCA GTA GGT CAT TGC AGG CGC TTT TT,613351163,11624.4,11626,9.43,27,314,200,135,349200,66,,TTTTCGCAATCACCAGTAGGTCATTGCAGGCGCTTTTT
New Hex Bonds,OligoCard,18281590,19896386,463139180,D05,ST66[169]67[169],TTT CCA ACA GCA TTG TGA AAG ACC GGA AGC AAA CTT TT,613351164,11668.7,11670,10.96,29.56,345,201.09,147,370900,64,,TTTCCAACAGCATTGTGAAAGACCGGAAGCAAACTTTT
New Hex Bonds,OligoCard,18281590,19896386,463139181,D06,ST43[82]42[70],TCA AGA GAA GGA TTA GGA GGG CAA AGC GCC ATT CGC CAT AGG CTG AAA AAG G,613351165,16215.3,16218,16.3,30.59,496,201.25,152,532800,70,,TCAAGAGAAGGATTAGGAGGGCAAAGCGCCATTCGCCATAGGCTGAAAAAGG
New Hex Bonds,OligoCard,18281590,19896386,463139182,D07,ST60[118]61[118],ATT TAG TTT GTC CCA ATT CT,613351166,6047.2,6048,5.71,30.84,186,200.26,154,185300,47,,ATTTAGTTTGTCCCAATTCT
New Hex Bonds,OligoCard,18281590,19896386,463139183,D08,ST52[143]50[127],CGG TTT AGA AAA TCT CCA AAA GAG TCT GGA GCA AAC AAG ATT TTT,613351167,13898.2,13900,13.34,29.45,409,200.34,147,453000,63,,CGGTTTAGAAAATCTCCAAAAGAGTCTGGAGCAAACAAGATTTTT
New Hex Bonds,OligoCard,18281590,19896386,463139184,D09,ST68[80]24[60],TTT TTA AAA GGA ATT ACG AGG GCA GAT ACG GAA CAG TAA CAA CAC CAC G,613351168,15162.3,15164,10.36,20.57,312,201.67,102,503600,66,,TTTTTAAAAGGAATTACGAGGGCAGATACGGAACAGTAACAACACCACG
New Hex Bonds,OligoCard,18281590,19896386,463139185,D10,ST47[71]46[71],ATT TTG TTA ATC ATC AAC AT,613351169,6064,6065,4.81,24.42,148,200.16,122,197100,43,,ATTTTGTTAATCATCAACAT
New Hex Bonds,OligoCard,18281590,19896386,463139186,D11,ST63[122]66[137],CAA TAG GAG GTC ATT TTT GCG GTT GCT CCG ATG GTT ATG CGA T,613351170,13309.2,13311,14.79,36.11,481,200.61,180,409500,67,,CAATAGGAGGTCATTTTTGCGGTTGCTCCGATGGTTATGCGAT
New Hex Bonds,OligoCard,18281590,19896386,463139187,D12,ST33[96]32[96],AGA GCC GCC ACC CTC AGA GCG CAA CCA GCC CAC CAC CGG A,613351171,12143.4,12145,9.66,25.75,313,201.17,128,375000,77,,AGAGCCGCCACCCTCAGAGCGCAACCAGCCCACCACCGGA
New Hex Bonds,OligoCard,18281590,19896386,463139188,D13,ST10[87]49[83],AAG ATT AAT CTG GTG CGG TCA ATT TTT TAT TTA AAC AT,613351172,11694.4,11696,8.6,22.91,268,200.96,114,375300,58,,AAGATTAATCTGGTGCGGTCAATTTTTTATTTAAACAT
New Hex Bonds,OligoCard,18281590,19896386,463139189,E01,ST9[20]8[20],TTT CAT TCC AAG AAC GGG TGG CTG TCT TTC CTT ATT TT,613350942,11606.6,11607,10.97,31.88,370,200.5,159,344200,64,,TTTCATTCCAAGAACGGGTGGCTGTCTTTCCTTATTTT
New Hex Bonds,OligoCard,18281590,19896386,463139190,E02,ST7[24]38[24],TTT GCT TAA TTG AGA CTT AAA TTT ATG TTT,613351173,9205.1,9206,7.66,26.63,245,200.23,133,287800,52,,TTTGCTTAATTGAGACTTAAATTTATGTTT
New Hex Bonds,OligoCard,18281590,19896386,463139191,E03,ST6[166]39[143],TTT TAC ATT TGC GAC CGT GTG ATA AAT AAG CTG TCC ATA CAG CGA GCC GCC,613350943,15649.5,15649,14.11,29.04,454,200.28,145,486000,69,,TTTTACATTTGCGACCGTGTGATAAATAAGCTGTCCATACAGCGAGCCGCC
New Hex Bonds,OligoCard,18281590,19896386,463139192,E04,ST34[166]3[166],TTT TTG TAG AAC GTC AGC GTG GTT GCT TCT GTA AAG AAG TAT TTT T,613351174,14219.5,14221,14.6,33.12,471,200.73,165,440900,64,,TTTTTGTAGAACGTCAGCGTGGTTGCTTCTGTAAAGAAGTATTTTT
New Hex Bonds,OligoCard,18281590,19896386,463139193,E05,ST68[166]67[150],TTT TAA GAG GAA GCC CGA AAG ACG CGA ACC,613350944,9258.8,9258,10.07,33.36,309,200.96,166,301900,64,,TTTTAAGAGGAAGCCCGAAAGACGCGAACC
New Hex Bonds,OligoCard,18281590,19896386,463139194,E06,ST42[133]6[109],GCG TTT GCA CCG CTT CTG GTG CCG GGC GAT CGA ACA ATA TAA AGT ACG GAA TC,613351175,16355.6,16358,11.45,22.51,368,200.98,112,508600,71,,GCGTTTGCACCGCTTCTGGTGCCGGGCGATCGAACAATATAAAGTACGGAATC
New Hex Bonds,OligoCard,18281590,19896386,463139195,E07,ST55[60]56[56],GGC TAC AGA GGC TTA GAC TTT TTC ATT TTA AC,613350945,9804.6,9804,9.96,32.74,321,200.86,163,304300,58,,GGCTACAGAGGCTTAGACTTTTTCATTTTAAC
New Hex Bonds,OligoCard,18281590,19896386,463139196,E08,ST54[62]17[59],TTT TTC TTT TGC GGG ATA CGA GGG TAG CAA CGG TAC GCA GGC CAC,613351176,13906.5,13908,12.35,28.94,402,200.97,144,426900,70,,TTTTTCTTTTGCGGGATACGAGGGTAGCAACGGTACGCAGGCCAC
New Hex Bonds,OligoCard,18281590,19896386,463139197,E09,ST25[74]67[80],ATA AAG TAG CTC GAA TTC GTA GCG GTG CGA ACT AAC ATA ACG CCT TTT T,613350946,15079.2,15079,12.22,25.46,384,200.47,127,479900,66,,ATAAAGTAGCTCGAATTCGTAGCGGTGCGAACTAACATAACGCCTTTTT
New Hex Bonds,OligoCard,18281590,19896386,463139198,E10,ST46[121]11[115],CAT CAA AAA TAA TGT GGG AAA CCA GCA GAA AGG A,613351177,10557.8,10559,9.85,27.11,286,200.81,135,363400,61,,CATCAAAAATAATGTGGGAAACCAGCAGAAAGGA
New Hex Bonds,OligoCard,18281590,19896386,463139199,E11,ST35[131]7[122],CAG AGC TGG TCA GCA GCA ACA TAT ATG AGA ATC CAT CTT CTA TAA GAA TAA ACA CCC GAC AA,613350947,19048.8,19048,15.34,24.44,465,200.33,122,627600,67,,CAGAGCTGGTCAGCAGCAACATATATGAGAATCCATCTTCTATAAGAATAAACACCCGACAA
New Hex Bonds,OligoCard,18281590,19896386,463139200,E12,ST33[85]32[85],TTT TTT CCC TCA GAG CCG CCA CCC TCA GAG CGC AAC CAG CCC ACC ACC GGA ACC GCC TTT TT,613351178,18749.1,18751,17.01,30.99,581,201.23,154,548900,76,,TTTTTTCCCTCAGAGCCGCCACCCTCAGAGCGCAACCAGCCCACCACCGGAACCGCCTTTTT
New Hex Bonds,OligoCard,18281590,19896386,463139201,E13,ST52[143]50[138],CGG TTT AGA AAA TCT CCA AAA GAG TCT GGA GCA A,613350948,10507.9,10508,9.08,26.23,276,200.23,131,346300,61,,CGGTTTAGAAAATCTCCAAAAGAGTCTGGAGCAA
New Hex Bonds,OligoCard,18281590,19896386,463139202,F01,ST11[20]10[20],TTT TCT TTC CAA ATC TAA ACC AAC GCT AAC GAG CGT TT,613351179,11545.4,11547,8.79,24.74,286,201.14,123,355300,63,,TTTTCTTTCCAAATCTAAACCAACGCTAACGAGCGTTT
New Hex Bonds,OligoCard,18281590,19896386,463139203,F02,ST39[24]41[45],TTT GCT TTT GAT GAT ACA GGA GCC TTG AGT GCC TAT,613351180,11086,11087,8.66,25.59,284,201.5,127,338300,63,,TTTGCTTTTGATGATACAGGAGCCTTGAGTGCCTAT
New Hex Bonds,OligoCard,18281590,19896386,463139204,F03,ST38[150]7[166],CGA AAC GGA CGA CGA CAA TAT AGA TAA TTT,613351181,9255.1,9256,9.51,30.39,281,201.26,151,312900,57,,CGAAACGGACGACGACAATATAGATAATTT
New Hex Bonds,OligoCard,18281590,19896386,463139205,F04,ST36[162]35[166],TTT ACG CGG TCC GAA CGT GCC GGA CTT T,613351182,8571.2,8572,6.51,25.51,219,200.87,127,255000,67,,TTTACGCGGTCCGAACGTGCCGGACTTT
New Hex Bonds,OligoCard,18281590,19896386,463139206,F05,ST33[84]32[84],TCC ACA TCC CTC AGA GCC GCC ACC CTC AGA GCG CAA CCA GCC CAC CAC CGG AAC CGC CGA CAG C,613351183,19368.9,19371,16.86,28.9,560,200.69,144,583300,78,,TCCACATCCCTCAGAGCCGCCACCCTCAGAGCGCAACCAGCCCACCACCGGAACCGCCGACAGC
New Hex Bonds,OligoCard,18281590,19896386,463139207,F06,ST13[116]43[121],CCT TTA CAA GAA CCC AAA CGG GGA CGA CGC CAG C,613351184,10398.3,10400,9.55,29.13,303,200.9,145,327900,69,,CCTTTACAAGAACCCAAACGGGGACGACGCCAGC
New Hex Bonds,OligoCard,18281590,19896386,463139208,F07,ST57[68]15[80],GTT TCC ATT AAA CGG GTA AAG TAA TAC TTA CTA ATG AGG TTA AAG GGA TGT CCA TTT TGA CGG GCC AAC,613351185,21358.6,21361,13.43,19.51,417,201.13,97,688100,68,,GTTTCCATTAAACGGGTAAAGTAATACTTACTAATGAGGTTAAAGGGATGTCCATTTTGACGGGCCAAC
New Hex Bonds,OligoCard,18281590,19896386,463139209,F08,ST16[45]53[62],TTG GCA GTT TTA TAA TAT TCG TGC AGG GAG TTA AAG GCC GTT TTT,613351186,13940.4,13942,8.81,20.22,282,200.2,101,435600,65,,TTGGCAGTTTTATAATATTCGTGCAGGGAGTTAAAGGCCGTTTTT
New Hex Bonds,OligoCard,18281590,19896386,463139210,F09,ST29[130]68[123],TGG GAA TTT GCG GTT AGT CAG ATC GCG TTT TTT TT,613351187,10818.9,10820,9.76,29.83,323,200.2,149,327000,63,,TGGGAATTTGCGGTTAGTCAGATCGCGTTTTTTTT
New Hex Bonds,OligoCard,18281590,19896386,463139211,F10,ST42[132]6[109],TTT TTG CAC CGC TTC TGG TGC CGG GCG ATC GAA CAA TAT AAA GTA CGG AAT C,613351188,16017,16018,11.05,22.25,356,200.45,111,496800,69,,TTTTTGCACCGCTTCTGGTGCCGGGCGATCGAACAATATAAAGTACGGAATC
New Hex Bonds,OligoCard,18281590,19896386,463139212,F11,ST36[76]34[39],TTT TTT AAA GCC AGA ATG GAA AGC GCA GTC TAT ATT CAG CCA GCA TTG ACA G,613351189,16033,16034,17.25,33.6,539,200,168,513500,67,,TTTTTTAAAGCCAGAATGGAAAGCGCAGTCTATATTCAGCCAGCATTGACAG
New Hex Bonds,OligoCard,18281590,19896386,463139213,F12,ST32[136]0[130],TTT TTG GTG GTG CCC CAG CAT TCC TTT GAT ATC AAA ATT ATT TGA ATA T,613351190,15029.9,15032,16.76,36.08,542,200.44,180,464500,64,,TTTTTGGTGGTGCCCCAGCATTCCTTTGATATCAAAATTATTTGAATAT
New Hex Bonds,OligoCard,18281590,19896386,463139214,F13,ST53[105]51[136],ATA AAT TAT TCA ACC GTT AGG TGA AGA ATA ATA ATT TTT TCA CGT T,613351191,14158,14159,13.41,28.82,408,200.14,144,465300,59,,ATAAATTATTCAACCGTTAGGTGAAGAATAATAATTTTTTCACGTT
New Hex Bonds,OligoCard,18281590,19896386,463139215,G01,ST13[20]12[20],TTT AAT TTG CCA GTT ACA AGC AAA TGA AAG AGC CTT TT,613350949,11675.1,11675,10.68,28.69,335,200.63,143,372300,61,,TTTAATTTGCCAGTTACAAGCAAATGAAAGAGCCTTTT
New Hex Bonds,OligoCard,18281590,19896386,463139216,G02,ST41[20]40[20],TTT AAC AGT TAA TGC CCC CTA ACA GTG CCC GTA TAT TT,613351192,11560.9,11563,12.96,36.08,417,200.44,180,359200,63,,TTTAACAGTTAATGCCCCCTAACAGTGCCCGTATATTT
New Hex Bonds,OligoCard,18281590,19896386,463139217,G03,ST8[162]9[162],TTT GTC AAA ACA ACA TGT TTA TCC GGT ATA GAG CCT TT,613350950,11640.8,11642,7.77,21.13,246,201.24,105,367600,61,,TTTGTCAAAACAACATGTTTATCCGGTATAGAGCCTTT
New Hex Bonds,OligoCard,18281590,19896386,463139218,G04,ST38[166]37[162],TTT CGG AAA CAA TCG GTT CCG GCA ATT T,613351193,8577.9,8579,7.96,29.98,257,201.21,149,265500,61,,TTTCGGAAACAATCGGTTCCGGCAATTT
New Hex Bonds,OligoCard,18281590,19896386,463139219,G05,ST32[137]0[130],ACA AGA GGT GGT GCC CCA GCA TTC CTT TGA TAT CAA AAT TAT TTG AAT AT,613350951,15382.1,15382,12.83,26.03,400,200.23,130,493000,65,,ACAAGAGGTGGTGCCCCAGCATTCCTTTGATATCAAAATTATTTGAATAT
New Hex Bonds,OligoCard,18281590,19896386,463139220,G06,ST47[59]46[59],AGA CCA CGC CAT ATT TTG TTA ATC ATC AAC ATC AGA ACG GCG CA,613351194,13451.2,13453,11.45,26.48,356,200.61,132,432500,67,,AGACCACGCCATATTTTGTTAATCATCAACATCAGAACGGCGCA
New Hex Bonds,OligoCard,18281590,19896386,463139221,G07,ST56[97]15[108],TTA TAT TTC AGA GCT AAG TTG TAG CGC TCA TTC TGA CCT GAA AG,613350952,13535.8,13536,15.23,35.72,483,200.67,178,426400,63,,TTATATTTCAGAGCTAAGTTGTAGCGCTCATTCTGACCTGAAAG
New Hex Bonds,OligoCard,18281590,19896386,463139222,G08,ST53[106]51[136],TTT TTT ATT CAA CCG TTA GGT GAA GAA TAA TAA TTT TTT CAC GTT,613351195,13817.4,13819,12,27.42,379,200.15,137,437500,60,,TTTTTTATTCAACCGTTAGGTGAAGAATAATAATTTTTTCACGTT
New Hex Bonds,OligoCard,18281590,19896386,463139223,G09,ST67[123]69[166],TTT TTT AAT TCG AGC TTC AAA TTC AAA TAA GCA AAG CGG ATT GCA TCA AAA AGA TTT T,613350953,17859.5,17860,18.13,31.48,562,200.51,157,576000,65,,TTTTTTAATTCGAGCTTCAAATTCAAATAAGCAAAGCGGATTGCATCAAAAAGATTTT
New Hex Bonds,OligoCard,18281590,19896386,463139224,G10,ST43[71]42[71],TTT TTG ACT CCT CAA GAG AAG GAT TAG GAG GGC AAA GCG CCA TTC GCC ATA GGC TGA TTT TT,613351196,19160.3,19162,10.6,17.74,340,201.59,88,597400,70,,TTTTTGACTCCTCAAGAGAAGGATTAGGAGGGCAAAGCGCCATTCGCCATAGGCTGATTTTT
New Hex Bonds,OligoCard,18281590,19896386,463139225,G11,ST1[67]35[76],ATA ATC CTT GAA TAC CAA GTT ACA AAA TGG CAA TTC CAG AAG AAA CAA AAG CCG CCC AAA CAA ATA AAT CCT CAT TTT TT,613350954,24519.3,24519,18.18,22.62,555,200.18,113,803400,69,,ATAATCCTTGAATACCAAGTTACAAAATGGCAATTCCAGAAGAAACAAAAGCCGCCCAAACAAATAAATCCTCATTTTTT
New Hex Bonds,OligoCard,18281590,19896386,463139226,G12,ST29[116]33[136],CGA CTT GGC AAG GCG AGG TGT ATC CCA CCA ACG GCA GCA CCG TCT TTT T,613351197,15032.3,15034,10.1,22.2,334,201.82,110,455100,73,,CGACTTGGCAAGGCGAGGTGTATCCCACCAACGGCAGCACCGTCTTTTT
New Hex Bonds,OligoCard,18281590,19896386,463139227,G13,ST43[82]42[82],TCA AGA GAA GGA TTA GGA GGG CAA AGC GCC ATT CGC CAT A,613350955,12412.4,12412,9.94,24.4,303,200,122,407500,68,,TCAAGAGAAGGATTAGGAGGGCAAAGCGCCATTCGCCATA
New Hex Bonds,OligoCard,18281590,19896386,463139228,H01,ST15[27]14[27],TTT TAG CAA TTC ACC AGT CGC AAG AAA CAA TGA AAT TT,613351198,11651.3,11653,10.06,26.56,310,201.21,132,378800,61,,TTTTAGCAATTCACCAGTCGCAAGAAACAATGAAATTT
New Hex Bonds,OligoCard,18281590,19896386,463139229,H02,ST45[20]44[20],TTT ATC ACC GTA CTC AGG AAG CCC GGA ATA GGT GTT TT,613351199,11682.6,11684,8.57,23.46,274,200.51,117,365300,65,,TTTATCACCGTACTCAGGAAGCCCGGAATAGGTGTTTT
New Hex Bonds,OligoCard,18281590,19896386,463139230,H03,ST10[162]11[162],TTT AAT AGA TTT CTA AGA AAG GAG CAC TAA CAA CTT TT,613351200,11681.3,11683,10.31,26.95,315,201.12,134,382600,57,,TTTAATAGATTTCTAAGAAAGGAGCACTAACAACTTTT
New Hex Bonds,OligoCard,18281590,19896386,463139231,H04,ST40[162]39[166],TTT TGC TGC AAG CGG ATA ACC TCA CTT T,613351201,8528.8,8530,9.12,35.69,304,200.51,178,255500,61,,TTTTGCTGCAAGCGGATAACCTCACTTT
New Hex Bonds,OligoCard,18281590,19896386,463139232,H05,ST29[116]33[125],CGA CTT GGC AAG GCG AGG TGT ATC CCA CCA ACG GCA GC,613351202,11697.5,11699,11.77,32.56,381,200.99,162,361500,72,,CGACTTGGCAAGGCGAGGTGTATCCCACCAACGGCAGC
New Hex Bonds,OligoCard,18281590,19896386,463139233,H06,ST46[133]11[115],TGA TAA GAA CGC CAT CAA AAA TAA TGT GGG AAA CCA GCA GAA AGG A,613351203,14297.7,14299,11.99,24.58,352,201.48,122,487800,66,,TGATAAGAACGCCATCAAAAATAATGTGGGAAACCAGCAGAAAGGA
New Hex Bonds,OligoCard,18281590,19896386,463139234,H07,ST55[88]57[109],AAG CCT TTG ACC CTA TAC GTA ATT GTA CCA AAA CGA,613351204,10995,10996,10.84,30.4,334,201.32,151,356600,62,,AAGCCTTTGACCCTATACGTAATTGTACCAAAACGA
New Hex Bonds,OligoCard,18281590,19896386,463139235,H08,ST21[123]54[106],TTT TTT GTT AGA GCT GCG CGT GTG CTT TAG AAC CCC AAA TCA CCA TCA ATA TGA TTT TT,613351205,18079.9,18082,13.76,24.85,449,200.4,124,553700,68,,TTTTTTGTTAGAGCTGCGCGTGTGCTTTAGAACCCCAAATCACCATCAATATGATTTTT
New Hex Bonds,OligoCard,18281590,19896386,463139236,H09,ST36[77]34[39],ATC GCC TAA AGC CAG AAT GGA AAG CGC AGT CTA TAT TCA GCC AGC ATT GAC AG,613351206,16325.5,16328,12.22,23.23,379,200.26,116,526300,69,,ATCGCCTAAAGCCAGAATGGAAAGCGCAGTCTATATTCAGCCAGCATTGACAG
New Hex Bonds,OligoCard,18281590,19896386,463139237,H10,ST47[60]46[60],TTT TTC GCC ATA TTT TGT TAA TCA TCA ACA TCA GAA CTT TTT,613351207,12766.7,12768,12.15,30.95,395,200.97,154,392700,60,,TTTTTCGCCATATTTTGTTAATCATCAACATCAGAACTTTTT
New Hex Bonds,OligoCard,18281590,19896386,463139238,H11,ST35[120]7[122],TTT TTT CCG GCC AGA GCT GGT CAG CAG CAA CAT ATA TGA GAA TCC ATC TTC TAT AAG AAT AAA CAC CCG ACA A,613351208,22396.9,22400,15.21,21.18,475,201.71,105,718100,69,,TTTTTTCCGGCCAGAGCTGGTCAGCAGCAACATATATGAGAATCCATCTTCTATAAGAATAAACACCCGACAA
New Hex Bonds,OligoCard,18281590,19896386,463139239,H12,ST71[53]70[53],TTT TTA TAG TAA AAT GTT TAG TTT GCC AGA GGG GGT ATT TTT,613351209,13022.9,13024,13.89,33.72,439,200.71,168,411800,60,,TTTTTATAGTAAAATGTTTAGTTTGCCAGAGGGGGTATTTTT
New Hex Bonds,OligoCard,18281590,19896386,463139240,H13,ST10[129]47[133],GCG AAC CAA GGT TAA ATA CCG AGA GAG AAT CAG AAA AGC CCC TTT AAC CAA TAG GAG GTC,613351210,18558.7,18561,16.15,26.26,487,200.46,131,615000,68,,GCGAACCAAGGTTAAATACCGAGAGAGAATCAGAAAAGCCCCTTTAACCAATAGGAGGTC
New Hex Bonds,OligoCard,18281590,19896386,463139241,I01,ST17[20]16[20],TTT AGC CCT TTT TAA GAG TAT AGC TAT CTT ACC GAT TT,613350956,11599,11599,8.75,24.34,282,201.16,121,359400,59,,TTTAGCCCTTTTTAAGAGTATAGCTATCTTACCGATTT
New Hex Bonds,OligoCard,18281590,19896386,463139242,I02,ST49[20]48[20],TTT GGA ACC CAT GTA CCG TGA TAG CAA GCC CAA TAT TT,613351211,11635.1,11637,10.51,28.63,333,200.21,143,367200,65,,TTTGGAACCCATGTACCGTGATAGCAAGCCCAATATTT
New Hex Bonds,OligoCard,18281590,19896386,463139243,I03,ST12[162]13[162],TTT AAC TGA TAG CCC TAA AGG GAA GCG CAT GCG CGT TT,613350957,11717.6,11718,8.8,24.09,282,200.75,120,365400,67,,TTTAACTGATAGCCCTAAAGGGAAGCGCATGCGCGTTT
New Hex Bonds,OligoCard,18281590,19896386,463139244,I04,ST39[144]41[162],ACG GGA AGC GAT TAT GGC GAA AGG GGG ATG TTT,613351212,10362.3,10363,9.44,28.09,291,200.64,140,336200,67,,ACGGGAAGCGATTATGGCGAAAGGGGGATGTTT
New Hex Bonds,OligoCard,18281590,19896386,463139245,I05,ST70[101]71[104],ATC CCC CCG GAA TCG TC,613350958,5091.4,5091,4.1,26.56,135,201.21,132,154200,57,,ATCCCCCCGGAATCGTC
New Hex Bonds,OligoCard,18281590,19896386,463139246,I06,ST10[129]47[121],GCG AAC CAA GGT TAA ATA CCG AGA GAG AAT CAG AAA AGC CCC TTT AAC,613351213,14803.5,14805,14.52,29.58,438,201.22,147,490800,66,,GCGAACCAAGGTTAAATACCGAGAGAGAATCAGAAAAGCCCCTTTAAC
New Hex Bonds,OligoCard,18281590,19896386,463139247,I07,ST23[46]63[70],CAT ACA TCA TAA GGA TGA ACG GTG TAC AGA CCA CGC CAT,613350959,11978.2,11978,12.65,32.32,387,200.75,161,391600,65,,CATACATCATAAGGATGAACGGTGTACAGACCACGCCAT
New Hex Bonds,OligoCard,18281590,19896386,463139248,I08,ST57[57]15[80],TTT TTG AGG AAG TTT CCA TTA AAC GGG TAA AGT AAT ACT TAC TAA TGA GGT TAA AGG GAT GTC CAT TTT GAC GGG CCA AC,613351214,24806.7,24809,19.3,24.22,601,200.17,121,796700,69,,TTTTTGAGGAAGTTTCCATTAAACGGGTAAAGTAATACTTACTAATGAGGTTAAAGGGATGTCCATTTTGACGGGCCAAC
New Hex Bonds,OligoCard,18281590,19896386,463139249,I09,ST1[67]35[65],ATA ATC CTT GAA TAC CAA GTT ACA AAA TGG CAA TTC CAG AAG AAA CAA AAG CCG CCC AAA CAA ATA AAT,613350960,21209.1,21209,18.28,25.69,545,200.7,128,711700,68,,ATAATCCTTGAATACCAAGTTACAAAATGGCAATTCCAGAAGAAACAAAAGCCGCCCAAACAAATAAAT
New Hex Bonds,OligoCard,18281590,19896386,463139250,I10,ST10[129]47[132],GCG AAC CAA GGT TAA ATA CCG AGA GAG AAT CAG AAA AGC CCC TTT AAC CAA TAG TTT TT,613351215,18185.2,18188,16.88,28.3,515,200.71,141,596400,67,,GCGAACCAAGGTTAAATACCGAGAGAGAATCAGAAAAGCCCCTTTAACCAATAGTTTTT
New Hex Bonds,OligoCard,18281590,19896386,463139251,I11,ST4[143]36[120],ATT AAT TGA TGC TGC GTC TCG TCG CTG GCA GCC TTT TT,613350961,11632.5,11633,10.81,31.67,368,200.44,158,341500,67,,ATTAATTGATGCTGCGTCTCGTCGCTGGCAGCCTTTTT
New Hex Bonds,OligoCard,18281590,19896386,463139252,I12,ST70[115]25[108],TTT TTA TTC ATT GAA AAA TCC TGC GGG CAG TGC TCA CAG AGT GA,613351216,13559.2,13561,11.27,26.46,359,200.45,132,425700,66,,TTTTTATTCATTGAAAAATCCTGCGGGCAGTGCTCACAGAGTGA
New Hex Bonds,OligoCard,18281590,19896386,463139253,I13,ST60[118]61[130],ATT TAG TTT GTC CCA ATT CTG CGA ACT CCG GC,613350962,9741.2,9741,7.58,25.86,252,200.47,129,293100,64,,ATTTAGTTTGTCCCAATTCTGCGAACTCCGGC
New Hex Bonds,OligoCard,18281590,19896386,463139254,J01,ST19[27]20[27],TTT GCA GAT AGC ACT CCT TAT TTT,613351217,7282.7,7284,5.07,22.96,167,201.4,114,220600,53,,TTTGCAGATAGCACTCCTTATTTT
New Hex Bonds,OligoCard,18281590,19896386,463139255,J02,ST51[27]50[27],TTT ATG AAT TTT CTG TAT GTT CCA GAC GTT AGT AAT TT,613351218,11667.5,11669,11.33,30.98,361,201.17,154,365700,57,,TTTATGAATTTTCTGTATGTTCCAGACGTTAGTAATTT
New Hex Bonds,OligoCard,18281590,19896386,463139256,J03,ST14[158]13[143],TTT TTA ATT AGA CGG GAG AAT TAA AAA CA,613351219,8970.9,8972,8.65,28.38,255,201.28,141,304700,52,,TTTTTAATTAGACGGGAGAATTAAAAACA
New Hex Bonds,OligoCard,18281590,19896386,463139257,J04,ST44[162]45[162],TTT ATG GGC GCA TCG TAA CGG TCA CGT TGG TGT AGT TT,613351220,11760.6,11762,8.86,24.54,289,201.15,122,360800,67,,TTTATGGGCGCATCGTAACGGTCACGTTGGTGTAGTTT
New Hex Bonds,OligoCard,18281590,19896386,463139258,J05,ST71[64]70[52],AAA TGT TTA GTT TGC CAG AGG GGG TAC TTT TG,613351221,9939,9940,11.36,36.32,361,200.66,181,312900,61,,AAATGTTTAGTTTGCCAGAGGGGGTACTTTTG
New Hex Bonds,OligoCard,18281590,19896386,463139259,J06,ST10[87]49[95],AAG ATT AAT CTG GTG CGG TCA ATT TTT TAT TTA AAC ATT CCA CAT CCC TC,613351222,15257,15259,13.64,28.66,437,200.42,143,476100,64,,AAGATTAATCTGGTGCGGTCAATTTTTTATTTAAACATTCCACATCCCTC
New Hex Bonds,OligoCard,18281590,19896386,463139260,J07,ST64[58]29[59],TAG GCT AAT CAA CAC ATT ATG TTA CCT TTA CAC TTT GAG GG,613351223,12571.6,12573,12.7,31.94,402,200.88,159,397700,62,,TAGGCTAATCAACACATTATGTTACCTTTACACTTTGAGGG
New Hex Bonds,OligoCard,18281590,19896386,463139261,J08,ST55[60]56[57],GGC TAC AGA GGC TTA GAC TTT TTC ATT TTT T,613351224,9495.7,9497,8.43,29.27,278,200.48,146,288000,58,,GGCTACAGAGGCTTAGACTTTTTCATTTTTT
New Hex Bonds,OligoCard,18281590,19896386,463139262,J09,ST4[143]36[119],ATT AAT TGA TGC TGC GTC TCG TCG CTG GCA GCC GAG TAG,613351225,12028,12030,11.59,31.5,379,200.64,157,368000,69,,ATTAATTGATGCTGCGTCTCGTCGCTGGCAGCCGAGTAG
New Hex Bonds,OligoCard,18281590,19896386,463139263,J10,ST46[132]11[115],TTT TTG AAC GCC ATC AAA AAT AAT GTG GGA AAC CAG CAG AAA GGA,613351226,13942,13943,10.11,21.85,305,200.46,109,462800,65,,TTTTTGAACGCCATCAAAAATAATGTGGGAAACCAGCAGAAAGGA
New Hex Bonds,OligoCard,18281590,19896386,463139264,J11,ST6[59]39[66],CTT ACC ACA ACG CCA CGC AGA GTA ATA AGT TTT TT,613351227,10672.7,10674,10.12,30.02,320,200.13,150,337000,62,,CTTACCACAACGCCACGCAGAGTAATAAGTTTTTT
New Hex Bonds,OligoCard,18281590,19896386,463139265,J12,ST70[101]71[115],ATC CCC CCG GAA TCG TCA TAA ATT TTT T,613351228,8472.6,8474,7.51,28.66,243,200.42,143,262000,59,,ATCCCCCCGGAATCGTCATAAATTTTTT
New Hex Bonds,OligoCard,18281590,19896386,463139266,K01,ST21[27]18[27],TTT TAC GCA GTA AAG AAC GGA TTA AGC GAA CAA CTG AGA AGT AAA GTA ATT T,613350963,16139.5,16140,15.32,28.36,458,201.13,141,540200,64,,TTTTACGCAGTAAAGAACGGATTAAGCGAACAACTGAGAAGTAAAGTAATTT
New Hex Bonds,OligoCard,18281590,19896386,463139267,K02,ST55[27]54[27],TTT GAA AGA CAG CAT CGG ACG TCA CCC TCA GCA GCT TT,613351229,11621.4,11623,10.44,29.06,338,200.41,145,359300,68,,TTTGAAAGACAGCATCGGACGTCACCCTCAGCAGCTTT
New Hex Bonds,OligoCard,18281590,19896386,463139268,K03,ST16[143]15[158],ATC CAG ATT TGA ATG GCT ATT AGT CTT TT,613350964,8888.3,8888,8.86,31.82,283,200.13,159,278500,55,,ATCCAGATTTGAATGGCTATTAGTCTTTT
New Hex Bonds,OligoCard,18281590,19896386,463139269,K04,ST48[162]49[162],TTT GCA TGT CAA TCA TAT GGG TAA TCG TAA AAC TAT TT,613351230,11679.7,11681,7.77,20.72,242,201.17,103,375100,59,,TTTGCATGTCAATCATATGGGTAATCGTAAAACTATTT
New Hex Bonds,OligoCard,18281590,19896386,463139270,K05,ST70[116]25[108],ATA TGA ATT CAT TGA AAA ATC CTG CGG GCA GTG CTC ACA GAG TGA,613350965,13916.8,13917,14.87,32.98,459,201.1,164,450800,67,,ATATGAATTCATTGAAAAATCCTGCGGGCAGTGCTCACAGAGTGA
New Hex Bonds,OligoCard,18281590,19896386,463139271,K06,ST50[83]48[74],CCT CAT AGT TCC TGT AGT TGT AAA,613351231,7317.9,7318,6.07,26.18,192,201.38,130,231700,52,,CCTCATAGTTCCTGTAGTTGTAAA
New Hex Bonds,OligoCard,18281590,19896386,463139272,K07,ST63[134]66[137],ATT TTT GCG GTT GCT CCG ATG GTT ATG CGA T,613350966,9554.3,9554,9.84,34.32,328,200.7,171,286700,64,,ATTTTTGCGGTTGCTCCGATGGTTATGCGAT
New Hex Bonds,OligoCard,18281590,19896386,463139273,K08,ST55[88]57[108],AAG CCT TTG ACC CTA TAC GTA ATT GTA CCA TTT TT,613351232,10646.1,10646,7.62,23.08,246,200.7,115,330300,60,,AAGCCTTTGACCCTATACGTAATTGTACCATTTTT
New Hex Bonds,OligoCard,18281590,19896386,463139274,K09,ST40[55]4[46],GGG GTC AGT GTG TAC TGA ACA GCG AGC AGT TGT CTG AG,613350967,11854.8,11855,9.56,25.52,302,200.94,127,374600,68,,GGGGTCAGTGTGTACTGAACAGCGAGCAGTTGTCTGAG
New Hex Bonds,OligoCard,18281590,19896386,463139275,K10,ST13[116]43[132],CCT TTA CAA GAA CCC AAA CGG GGA CGA CGC CAG CTT TCC GTT TTT,613351233,13740.8,13741,11.77,28.15,387,201.07,140,418100,70,,CCTTTACAAGAACCCAAACGGGGACGACGCCAGCTTTCCGTTTTT
New Hex Bonds,OligoCard,18281590,19896386,463139276,K11,ST40[66]4[46],TTT TTT TTA ACG GGG TCA GTG TGT ACT GAA CAG CGA GCA GTT GTC TGA G,613350968,15203.4,15204,15.35,32.54,495,200.86,162,471600,67,,TTTTTTTTAACGGGGTCAGTGTGTACTGAACAGCGAGCAGTTGTCTGAG
New Hex Bonds,OligoCard,18281590,19896386,463139277,K12,ST61[78]22[81],ATT TAG CCG GAA AGG GTG GTT TTT AGC CCG A,613351234,9606.3,9606,7.25,23.86,229,200.5,119,303700,65,,ATTTAGCCGGAAAGGGTGGTTTTTAGCCCGA
New Hex Bonds,OligoCard,18281590,19896386,463139278,K13,ST47[71]46[59],ATT TTG TTA ATC ATC AAC ATC AGA ACG GCG CA,613350969,9791.7,9791,11.41,36.01,353,200.06,180,316800,61,,ATTTTGTTAATCATCAACATCAGAACGGCGCA
New Hex Bonds,OligoCard,18281590,19896386,463139279,L01,ST23[39]22[27],GAA AAT AGT CCA CTA TTA TGT TAT TT,613351235,7958.1,7958,7.45,28.54,227,200.99,142,261000,48,,GAAAATAGTCCACTATTATGTTATTT
New Hex Bonds,OligoCard,18281590,19896386,463139280,L02,ST59[27]58[27],TTT CCC CAG CGA TTA TAC CAA CAC TCA TCT TTG ACT TT,613351236,11473.4,11473,10.22,29.53,339,200.88,147,346100,63,,TTTCCCCAGCGATTATACCAACACTCATCTTTGACTTT
New Hex Bonds,OligoCard,18281590,19896386,463139281,L03,ST16[162]17[162],TTT CGG CCT TGC TGG TAA TGA AGA ACT CAA ACT ATT TT,613351237,11658.1,11658,8.02,22.29,260,200.81,111,359700,62,,TTTCGGCCTTGCTGGTAATGAAGAACTCAAACTATTTT
New Hex Bonds,OligoCard,18281590,19896386,463139282,L04,ST50[169]51[169],TTT TCA GGT CAT TGC CTG AAA AAG GCT CCA AGC TAT TT,613351238,11642.8,11643,10.81,30.14,351,200.93,150,358600,64,,TTTTCAGGTCATTGCCTGAAAAAGGCTCCAAGCTATTT
New Hex Bonds,OligoCard,18281590,19896386,463139283,L06,ST49[138]15[136],ATG AAC TAC CCC GGT TGA TAA TAA CAT AAC TGA ACA ATA TT,613351239,12568.9,12568,11.69,28.07,353,200.5,140,416500,60,,ATGAACTACCCCGGTTGATAATAACATAACTGAACAATATT
New Hex Bonds,OligoCard,18281590,19896386,463139284,L07,ST25[123]64[122],ATT GCG TTG CGC TCG CCA GCT GGC TTG ATT TTG ATA AGA ACG C,613351240,13241,13241,9.95,24.99,331,201.53,124,398100,70,,ATTGCGTTGCGCTCGCCAGCTGGCTTGATTTTGATAAGAACGC
New Hex Bonds,OligoCard,18281590,19896386,463139285,L08,ST56[108]15[108],TTT TTA AAA CAT TAT ATT TCA GAG CTA AGT TGT AGC GCT CAT TCT GAC CTG AAA G,613351241,16912.4,16912,14.98,27.93,472,200.94,139,536500,64,,TTTTTAAAACATTATATTTCAGAGCTAAGTTGTAGCGCTCATTCTGACCTGAAAG
New Hex Bonds,OligoCard,18281590,19896386,463139286,L09,ST11[116]40[98],ATT GAG GTC CCG ACA TAG CAA GTT TAT CGT GCG GGT CCC AGT CAC GAC GTT GTA AAA ACA,613351242,18508.3,18508,15.46,26.18,485,201.38,130,590500,71,,ATTGAGGTCCCGACATAGCAAGTTTATCGTGCGGGTCCCAGTCACGACGTTGTAAAAACA
New Hex Bonds,OligoCard,18281590,19896386,463139287,L10,ST33[96]32[84],AGA GCC GCC ACC CTC AGA GCG CAA CCA GCC CAC CAC CGG AAC CGC CGA CAG C,613351243,15807.8,15807,13.18,27.26,431,200.44,136,483500,78,,AGAGCCGCCACCCTCAGAGCGCAACCAGCCCACCACCGGAACCGCCGACAGC
New Hex Bonds,OligoCard,18281590,19896386,463139288,L11,ST39[99]31[115],TTT TTA AAC GAC GGC CAT TTG TGA CCT TTA GCA TAG CGC AGT ACA GTT ATT AAC GGC TG,613351244,18165.9,18166,15.59,27.56,501,201.17,137,565600,68,,TTTTTAAACGACGGCCATTTGTGACCTTTAGCATAGCGCAGTACAGTTATTAACGGCTG
New Hex Bonds,OligoCard,18281590,19896386,463139289,L12,ST60[130]61[118],GCA GCC GAG TAG ATT TAG TTT GTC CCA ATT CT,613351245,9806,9805,9.61,31.56,309,201.02,157,304600,61,,GCAGCCGAGTAGATTTAGTTTGTCCCAATTCT
New Hex Bonds,OligoCard,18281590,19896386,463139290,L13,ST43[70]42[82],AAC GCC GAC TCC TCA AGA GAA GGA TTA GGA GGG CAA AGC GCC ATT CGC CAT A,613351246,16049.9,16049,9.89,19.16,308,201.68,95,516300,72,,AACGCCGACTCCTCAAGAGAAGGATTAGGAGGGCAAAGCGCCATTCGCCATA
New Hex Bonds,OligoCard,18281590,19896386,463139291,M01,ST23[27]24[24],TTT GCA AAC GTA ATC AAT AGA AAA TTT,613350970,8289.5,8289,6.93,25.06,208,200.48,125,276400,51,,TTTGCAAACGTAATCAATAGAAAATTT
New Hex Bonds,OligoCard,18281590,19896386,463139292,M02,ST63[39]62[27],AGG ACA GGA ACC GAA CTG ACC AAT TT,613351247,7997.5,7997,5.02,19.08,153,200.84,95,263100,60,,AGGACAGGAACCGAACTGACCAATTT
New Hex Bonds,OligoCard,18281590,19896386,463139293,M03,ST18[169]17[143],TTT GGC GCG TAC TAT GGT TGC TTT GAC GAG CAC CTG AGT A,613350971,12348.4,12349,9.76,25.95,320,201.16,129,376200,68,,TTTGGCGCGTACTATGGTTGCTTTGACGAGCACCTGAGTA
New Hex Bonds,OligoCard,18281590,19896386,463139294,M04,ST52[172]53[157],TTT TAC AAA GAA GGA GCC TTT AAT TGT ATG AGA GGG TAG CTA T,613351248,13360.1,13360,13.35,30.62,409,200.13,153,435900,62,,TTTTACAAAGAAGGAGCCTTTAATTGTATGAGAGGGTAGCTAT
New Hex Bonds,OligoCard,18281590,19896386,463139295,M05,ST36[65]34[39],CAG AAT GGA AAG CGC AGT CTA TAT TCA GCC AGC ATT GAC AG,613350972,12651.1,12651,11.71,28.54,361,200.99,142,410100,65,,CAGAATGGAAAGCGCAGTCTATATTCAGCCAGCATTGACAG
New Hex Bonds,OligoCard,18281590,19896386,463139296,M06,ST52[143]50[126],CGG TTT AGA AAA TCT CCA AAA GAG TCT GGA GCA AAC AAG AGG TGG T,613351249,14304.4,14304,12.15,25.85,370,200.39,129,470300,66,,CGGTTTAGAAAATCTCCAAAAGAGTCTGGAGCAAACAAGAGGTGGT
New Hex Bonds,OligoCard,18281590,19896386,463139297,M07,ST25[74]67[69],ATA AAG TAG CTC GAA TTC GTA GCG GTG CGA ACT AAC AT,613350973,11734.5,11735,10.69,27.89,327,200.65,139,383300,64,,ATAAAGTAGCTCGAATTCGTAGCGGTGCGAACTAACAT
New Hex Bonds,OligoCard,18281590,19896386,463139298,M08,ST61[67]22[81],TTT TTT GAT AAA TTT AGC CGG AAA GGG TGG TTT TTA GCC CGA,613351250,13004.8,13004,10.21,25.05,326,200.4,125,407600,65,,TTTTTTGATAAATTTAGCCGGAAAGGGTGGTTTTTAGCCCGA
New Hex Bonds,OligoCard,18281590,19896386,463139299,M09,ST39[110]31[115],CGG CCA TTT GTG ACC TTT AGC ATA GCG CAG TAC AGT TAT TAA CGG CTG,613350974,14773.7,14774,12.87,28.14,416,201,140,457300,68,,CGGCCATTTGTGACCTTTAGCATAGCGCAGTACAGTTATTAACGGCTG
New Hex Bonds,OligoCard,18281590,19896386,463139300,M10,ST71[52]70[64],AGG CCG ATA GTA AAA TGT TTA GTT TGC CAG AG,613351251,9927.4,9927,9.25,28.42,282,200.14,142,325300,60,,AGGCCGATAGTAAAATGTTTAGTTTGCCAGAG
New Hex Bonds,OligoCard,18281590,19896386,463139301,M11,ST11[116]40[99],ATT GAG GTC CCG ACA TAG CAA GTT TAT CGT GCG GGT CCC AGT CAC GAC GTT GTA TTT TT,613350975,18173.6,18174,13.6,24.16,439,201.33,120,562700,70,,ATTGAGGTCCCGACATAGCAAGTTTATCGTGCGGGTCCCAGTCACGACGTTGTATTTTT
New Hex Bonds,OligoCard,18281590,19896386,463139302,M12,ST55[88]57[97],AAG CCT TTG ACC CTA TAC GTA ATT,613351252,7286.9,7287,7.34,31.89,232,200.57,159,230200,54,,AAGCCTTTGACCCTATACGTAATT
New Hex Bonds,OligoCard,18281590,19896386,463139303,M13,ST13[116]43[134],CCT TTA CAA GAA CCC AAA CGG GGA CGA CGC CAG CTT TCC GTA ATT CG,613350976,14377.2,14377,12.79,28.67,412,200.49,143,446000,70,,CCTTTACAAGAACCCAAACGGGGACGACGCCAGCTTTCCGTAATTCG
New Hex Bonds,OligoCard,18281590,19896386,463139304,N01,ST25[24]24[39],TTT TTC ATA TTT ATC CGC TCA CAA TTC CAT TTA TTT TGT CAC A,613351253,13008.6,13008,7.12,17.98,234,202.02,89,396000,61,,TTTTTCATATTTATCCGCTCACAATTCCATTTATTTTGTCACA
New Hex Bonds,OligoCard,18281590,19896386,463139305,N02,ST63[27]64[24],TTT CTT TGA AAG AAG AGT AAT CTT TTT,613351254,8293.7,8293,7.26,27.6,229,200,138,262900,50,,TTTCTTTGAAAGAAGAGTAATCTTTTT
New Hex Bonds,OligoCard,18281590,19896386,463139306,N03,ST20[158]19[169],TTT TCG GAA CCC TAA CCG CGC TTA ATG CGC CGC TAC AGT TT,613351255,12487.9,12487,8.17,22.01,275,200.09,110,371400,70,,TTTTCGGAACCCTAACCGCGCTTAATGCGCCGCTACAGTTT
New Hex Bonds,OligoCard,18281590,19896386,463139307,N04,ST54[169]53[172],TTT GTA AAG ATT TTT TGA GAG ATC TTT,613351256,8324.5,8324,7.98,30.33,252,200.86,151,263100,50,,TTTGTAAAGATTTTTTGAGAGATCTTT
New Hex Bonds,OligoCard,18281590,19896386,463139308,N05,ST35[119]7[122],GCG AAC TCC GGC CAG AGC TGG TCA GCA GCA ACA TAT ATG AGA ATC CAT CTT CTA TAA GAA TAA ACA CCC GAC AA,613351257,22742.5,22742,16.91,22.97,522,201.49,114,736400,70,,GCGAACTCCGGCCAGAGCTGGTCAGCAGCAACATATATGAGAATCCATCTTCTATAAGAATAAACACCCGACAA
New Hex Bonds,OligoCard,18281590,19896386,463139309,N06,ST16[45]53[51],TTG GCA GTT TTA TAA TAT TCG TGC AGG GAG TTA A,613351258,10541.5,10542,9.94,29.32,309,200.82,146,339100,60,,TTGGCAGTTTTATAATATTCGTGCAGGGAGTTAA
New Hex Bonds,OligoCard,18281590,19896386,463139310,N07,ST68[81]24[60],GGC TGA AAA AGG AAT TAC GAG GGC AGA TAC GGA ACA GTA ACA ACA CCA CG,613351259,15536.6,15537,14.41,27.75,431,201.09,138,519300,68,,GGCTGAAAAAGGAATTACGAGGGCAGATACGGAACAGTAACAACACCACG
New Hex Bonds,OligoCard,18281590,19896386,463139311,N08,ST20[101]60[67],ACG TGG CGA GAA AGA TGG CCC AAA GAA TCT TTT CAT GCT CCA TGT TAC TGT GTC GAA TGG TCA ATC ATC GCC TTT TT,613351260,23703.3,23702,20,27.29,647,200.66,136,732800,71,,ACGTGGCGAGAAAGATGGCCCAAAGAATCTTTTCATGCTCCATGTTACTGTGTCGAATGGTCAATCATCGCCTTTTT
New Hex Bonds,OligoCard,18281590,19896386,463139312,N09,ST71[64]70[64],AAA TGT TTA GTT TGC CAG AG,613351261,6170.7,6171,6.47,32.18,199,201.13,160,201100,49,,AAATGTTTAGTTTGCCAGAG
New Hex Bonds,OligoCard,18281590,19896386,463139313,N10,ST70[101]71[116],ATC CCC CCG GAA TCG TCA TAA ATT ATT CA,613351262,8780.9,8781,7.68,27.33,240,200.96,136,281100,60,,ATCCCCCCGGAATCGTCATAAATTATTCA
New Hex Bonds,OligoCard,18281590,19896386,463139314,N11,ST67[122]69[166],TTT CCG TAA TTC GAG CTT CAA ATT CAA ATA AGC AAA GCG GAT TGC ATC AAA AAG ATT TT,613351263,18159.2,18159,16.22,27.7,503,200.72,138,585500,66,,TTTCCGTAATTCGAGCTTCAAATTCAAATAAGCAAAGCGGATTGCATCAAAAAGATTTT
New Hex Bonds,OligoCard,18281590,19896386,463139315,N12,ST56[109]15[108],GTT GTA AAA ACA TTA TAT TTC AGA GCT AAG TTG TAG CGC TCA TTC TGA CCT GAA AG,613351264,17275.4,17275,14.97,27.02,467,200.15,135,554300,64,,GTTGTAAAAACATTATATTTCAGAGCTAAGTTGTAGCGCTCATTCTGACCTGAAAG
New Hex Bonds,OligoCard,18281590,19896386,463139316,N13,ST6[59]39[55],CTT ACC ACA ACG CCA CGC AGA GTA,613351265,7276,7276,7.23,31.14,227,200.9,155,232300,61,,CTTACCACAACGCCACGCAGAGTA
New Hex Bonds,OligoCard,18281590,19896386,463139317,O01,ST27[27]26[27],TTT TAC CTA ACG GCA TCA GTG TGT GAA ATT GGG TTT TT,613350977,11719.5,11720,11.23,31.12,365,200.77,155,360900,63,,TTTTACCTAACGGCATCAGTGTGTGAAATTGGGTTTTT
New Hex Bonds,OligoCard,18281590,19896386,463139318,O02,ST65[24]66[27],TTT GAC AAG AAC CGG TTC ATC AGT TTT,613351266,8264.6,8264,9.4,36.36,301,200.88,181,258500,57,,TTTGACAAGAACCGGTTCATCAGTTTT
New Hex Bonds,OligoCard,18281590,19896386,463139319,O03,ST22[169]21[158],TTT CTG GTT TGC CCC AGC AGG CGA AAA TCC TGT GGT GCC GTA AAG CAC TAA ATT T,613350978,16916.6,16916,13.17,25.47,431,200.55,127,517100,71,,TTTCTGGTTTGCCCCAGCAGGCGAAAATCCTGTGGTGCCGTAAAGCACTAAATTT
New Hex Bonds,OligoCard,18281590,19896386,463139320,O04,ST54[157]55[169],CAA AAG GCC TGA GTA ATG TGT AGT TT,613351267,8049.7,8049,6.06,23.24,187,200.34,116,260800,56,,CAAAAGGCCTGAGTAATGTGTAGTTT
New Hex Bonds,OligoCard,18281590,19896386,463139321,O05,ST4[143]36[131],ATT AAT TGA TGC TGC GTC TCG TCG CTG,613350979,8272.2,8272,7.75,31.21,258,200.06,156,248400,61,,ATTAATTGATGCTGCGTCTCGTCGCTG
New Hex Bonds,OligoCard,18281590,19896386,463139322,O06,ST54[63]17[59],GGG GTA CTT TTG CGG GAT ACG AGG GTA GCA ACG GTA CGC AGG CCA C,613351268,14321.7,14321,7.66,17.06,244,200.71,85,449100,72,,GGGGTACTTTTGCGGGATACGAGGGTAGCAACGGTACGCAGGCCAC
New Hex Bonds,OligoCard,18281590,19896386,463139323,O07,ST29[130]68[134],TGG GAA TTT GCG GTT AGT CAG ATC,613350980,7439.2,7439,8.45,36.04,268,200.22,180,234500,57,,TGGGAATTTGCGGTTAGTCAGATC
New Hex Bonds,OligoCard,18281590,19896386,463139324,O08,ST60[129]61[129],TTT TTG AGT AGA TTT AGT TTG TCC CAA TTC TGC GAA CTT TTT,613351269,12872.1,12871,12.38,31.77,409,201.08,158,389800,61,,TTTTTGAGTAGATTTAGTTTGTCCCAATTCTGCGAACTTTTT
New Hex Bonds,OligoCard,18281590,19896386,463139325,O09,ST70[104]25[108],TGA AAA ATC CTG CGG GCA GTG CTC ACA GAG TGA,613350981,10211.8,10212,8.66,26.55,271,201.14,132,326300,67,,TGAAAAATCCTGCGGGCAGTGCTCACAGAGTGA
New Hex Bonds,OligoCard,18281590,19896386,463139326,O10,ST68[69]24[60],AAT TAC GAG GGC AGA TAC GGA ACA GTA ACA ACA CCA CG,613351270,11732.1,11732,10.34,26.26,308,200.46,131,393800,65,,AATTACGAGGGCAGATACGGAACAGTAACAACACCACG
New Hex Bonds,OligoCard,18281590,19896386,463139327,O11,ST23[46]63[58],CAT ACA TCA TAA GGA TGA ACG GTG TAC,613350982,8317.1,8316,6.82,24.65,205,200.41,123,276800,55,,CATACATCATAAGGATGAACGGTGTAC
New Hex Bonds,OligoCard,18281590,19896386,463139328,O12,ST16[45]53[63],TTG GCA GTT TTA TAA TAT TCG TGC AGG GAG TTA AAG GCC GAT AGT A,613351271,14298.9,14298,12.68,27.37,391,201.25,136,463300,65,,TTGGCAGTTTTATAATATTCGTGCAGGGAGTTAAAGGCCGATAGTA
New Hex Bonds,OligoCard,18281590,19896386,463139329,P01,ST29[24]30[24],TTT AAG ACA AAA GGG AGA CTG TAG CGC TTT,613351272,9294.5,9294,9.92,32.99,307,201.16,164,300800,60,,TTTAAGACAAAAGGGAGACTGTAGCGCTTT
New Hex Bonds,OligoCard,18281590,19896386,463139330,P02,ST67[27]68[24],TTT TGA GAT TTA ATA ACC CTC GTT TTT,613351273,8220.6,8220,7.79,30.94,254,200.91,154,251700,52,,TTTTGAGATTTAATAACCCTCGTTTTT
New Hex Bonds,OligoCard,18281590,19896386,463139331,P03,ST24[155]23[169],TTT TCG GGA AAC AGA GTT GCA GCA AGC GGT CCA CGT TT,613351274,11734.2,11734,12.38,33.99,399,201.12,169,364300,69,,TTTTCGGGAAACAGAGTTGCAGCAAGCGGTCCACGTTT
New Hex Bonds,OligoCard,18281590,19896386,463139332,P04,ST58[169]59[169],TTT ATC ATA CAG GCA AGG CCA TTA ACA TCC AAT AAT TT,613351275,11604,11604,7,18.63,216,200.32,93,375800,60,,TTTATCATACAGGCAAGGCCATTAACATCCAATAATTT
New Hex Bonds,OligoCard,18281590,19896386,463139333,P05,ST40[67]4[46],TTT CAT TTT AAC GGG GTC AGT GTG TAC TGA ACA GCG AGC AGT TGT CTG AG,613351276,15501.6,15502,15.61,32.25,500,200.31,161,484100,68,,TTTCATTTTAACGGGGTCAGTGTGTACTGAACAGCGAGCAGTTGTCTGAG
New Hex Bonds,OligoCard,18281590,19896386,463139334,P06,ST53[117]51[136],ACC GTT AGG TGA AGA ATA ATA ATT TTT TCA CGT T,613351277,10470.1,10470,7.81,22.95,240,201.32,114,340200,57,,ACCGTTAGGTGAAGAATAATAATTTTTTCACGTT
New Hex Bonds,OligoCard,18281590,19896386,463139335,P07,ST67[135]69[166],AGC TTC AAA TTC AAA TAA GCA AAG CGG ATT GCA TCA AAA AGA TTT T,613351278,14181.5,14181,15.17,32.41,460,200.06,162,468200,63,,AGCTTCAAATTCAAATAAGCAAAGCGGATTGCATCAAAAAGATTTT
New Hex Bonds,OligoCard,18281590,19896386,463139336,P08,ST23[46]63[69],CAT ACA TCA TAA GGA TGA ACG GTG TAC AGA CCA TTT TT,613351279,11684.6,11685,10.49,27.58,322,201.31,137,380500,61,,CATACATCATAAGGATGAACGGTGTACAGACCATTTTT
New Hex Bonds,OligoCard,18281590,19896386,463139337,P09,ST32[125]0[130],GCC CCA GCA TTC CTT TGA TAT CAA AAT TAT TTG AAT AT,613351280,11586,11586,11.35,30.95,359,200.97,154,366800,59,,GCCCCAGCATTCCTTTGATATCAAAATTATTTGAATAT
New Hex Bonds,OligoCard,18281590,19896386,463139338,P10,ST25[74]67[81],ATA AAG TAG CTC GAA TTC GTA GCG GTG CGA ACT AAC ATA ACG CCG ACT CC,613351281,15372.7,15372,11.21,22.77,350,201.5,113,492300,68,,ATAAAGTAGCTCGAATTCGTAGCGGTGCGAACTAACATAACGCCGACTCC
New Hex Bonds,OligoCard,18281590,19896386,463139339,P11,ST25[123]64[134],ATT GCG TTG CGC TCG CCA GCT GGC TTG ATT T,613351282,9500.6,9500,9.58,34.96,332,200.92,174,274100,69,,ATTGCGTTGCGCTCGCCAGCTGGCTTGATTT
New Hex Bonds,OligoCard,18281590,19896386,463139340,P12,ST54[51]17[59],CGG GAT ACG AGG GTA GCA ACG GTA CGC AGG CCA C,613351283,10552.5,10552,10.65,31.57,333,201.08,157,337200,70,,CGGGATACGAGGGTAGCAACGGTACGCAGGCCAC
New Hex Bonds,OligoCard,,,,L5,ST1[67]35[77],,,,,,,,,,,,,